marka,model,donanim
Alfa Romeo,4C,1.8 TCT
Alfa Romeo,4C Spider,1.8 TCT
Alfa Romeo,Giulia,2.0 200hp SUPER RWD BENZƒ∞NLƒ∞ AT
Alfa Romeo,Giulia,2.0 280hp VELOCE AWD BENZƒ∞NLƒ∞ AT
Alfa Romeo,Giulia,2.9 510hp QV RWD BENZƒ∞NLƒ∞ AT
Alfa Romeo,Giulietta,1.4 TB MULTIAIR SUPER BENZƒ∞NLƒ∞ TCT
Alfa Romeo,Giulietta,1.6 JTD 120hp PROGRESSION Dƒ∞ZEL MT
Alfa Romeo,Giulietta,1.6 JTD 120hp SUPER Dƒ∞ZEL MT
Alfa Romeo,Giulietta,1.6 JTDM 120hp SUPER Dƒ∞ZEL TCT
Alfa Romeo,Giulietta,1.6 JTDM PROGRESSION Dƒ∞ZEL TCT
Audi,A1 Sportback,1.0 TFSI 95 hp Dynamic S tronic
Audi,A1 Sportback,1.0 TFSI 95 hp Sport S tronic
Audi,A1 Sportback,1.4 TFSI 125 hp Dynamic S tronic
Audi,A1 Sportback,1.4 TFSI 125 hp Sport S tronic 
Audi,A1 Sportback,1.6 TDI 116 hp Dynamic S tronic 
Audi,A1 Sportback,1.6 TDI 116 hp Sport S tronic 
Audi,A3 Cabrio,1.4 TFSI 150 hp (COD) Design Line S tronic PI
Audi,A3 Cabrio,1.4 TFSI 150 hp (COD) Dynamic S tronic PI
Audi,A3 Cabrio,1.4 TFSI 150 hp (COD) Sport Line S tronic PI
Audi,A3 Sedan,1.0 TFSI 116 hp Design Line S tronic PI
Audi,A3 Sedan,1.0 TFSI 116 hp Dynamic S tronic PI
Audi,A3 Sedan,1.0 TFSI 116 hp Sport Line S tronic PI
Audi,A3 Sedan,1.4 TFSI 150 hp (COD) Design Line S tronic PI
Audi,A3 Sedan,1.4 TFSI 150 hp (COD) Dynamic S tronic PI
Audi,A3 Sedan,1.4 TFSI 150 hp (COD) Sport Line S tronic PI
Audi,A3 Sedan,1.6 TDI 110 hp Design Line S tronic PI
Audi,A3 Sedan,1.6 TDI 110 hp Dynamic S tronic PI
Audi,A3 Sedan,1.6 TDI 110 hp Sport Line S tronic PI 
Audi,A3 Sedan,1.6 TDI 116 hp Design Line S tronic PI
Audi,A3 Sedan,1.6 TDI 116 hp Dynamic S tronic PI
Audi,A3 Sedan,1.6 TDI 116 hp Sport Line S tronic PI
Audi,A3 Sportback,1.0 TFSI 116 hp Design Line S tronic PI
Audi,A3 Sportback,1.0 TFSI 116 hp Dynamic S tronic PI
Audi,A3 Sportback,1.0 TFSI 116 hp Sport Line S tronic PI
Audi,A3 Sportback,1.4 TFSI 150 hp (COD) Design Line S tronic PI
Audi,A3 Sportback,1.4 TFSI 150 hp (COD) Dynamic S tronic PI
Audi,A3 Sportback,1.4 TFSI 150 hp (COD) Sport Line S tronic PI
Audi,A3 Sportback,1.6 TDI 110 hp Design Line S tronic PI
Audi,A3 Sportback,1.6 TDI 110 hp Dynamic S tronic PI
Audi,A3 Sportback,1.6 TDI 110 hp Sport Line S tronic PI 
Audi,A3 Sportback,1.6 TDI 116 hp Design Line S tronic PI
Audi,A3 Sportback,1.6 TDI 116 hp Dynamic S tronic PI
Audi,A3 Sportback,1.6 TDI 116 hp Sport Line S tronic PI
Audi,A4,1.4 TFSI 150 hp Design S tronic
Audi,A4,1.4 TFSI 150 hp Dynamic S tronic
Audi,A4,1.4 TFSI 150 hp Sport S tronic
Audi,A4,2.0 TDI 190 hp Design S tronic
Audi,A4,2.0 TDI 190 hp Dynamic S tronic
Audi,A4,2.0 TDI 190 hp quattro Design S tronic
Audi,A4,2.0 TDI 190 hp quattro Dynamic S tronic
Audi,A4,2.0 TDI 190 hp quattro Sport S tronic
Audi,A4,2.0 TDI 190 hp Sport S tronic
Audi,A4,2.0 TFSI 252 hp quattro Design S tronic
Audi,A4,2.0 TFSI 252 hp quattro Dynamic S tronic
Audi,A4,2.0 TFSI 252 hp quattro Sport S tronic
Audi,A4 Allroad,2.0 TDI quattro 190 hp S tronic
Audi,A4 Allroad,2.0 TFSI quattro 252 hp S tronic
Audi,A4 Avant,1.4 TFSI 150 hp Design S tronic
Audi,A4 Avant,1.4 TFSI 150 hp Dynamic S tronic
Audi,A4 Avant,1.4 TFSI 150 hp Sport S tronic
Audi,A4 Avant,2.0 TDI 190 hp Design S tronic
Audi,A4 Avant,2.0 TDI 190 hp Dynamic S tronic
Audi,A4 Avant,2.0 TDI 190 hp quattro Design S tronic
Audi,A4 Avant,2.0 TDI 190 hp quattro Dynamic S tronic
Audi,A4 Avant,2.0 TDI 190 hp quattro Sport S tronic
Audi,A4 Avant,2.0 TDI 190 hp Sport S tronic
Audi,A4 Avant,2.0 TFSI 252 hp quattro Design S tronic
Audi,A4 Avant,2.0 TFSI 252 hp quattro Dynamic S tronic
Audi,A4 Avant,2.0 TFSI 252 hp quattro Sport S tronic
Audi,A5 Coupe,1.4 TFSI 150 hp Design S tronic
Audi,A5 Coupe,1.4 TFSI 150 hp Dynamic S tronic
Audi,A5 Coupe,1.4 TFSI 150 hp Sport S tronic
Audi,A5 Coupe,2.0 TDI 190 hp Design S tronic
Audi,A5 Coupe,2.0 TDI 190 hp Dynamic S tronic
Audi,A5 Coupe,2.0 TDI 190 hp quattro Design S tronic
Audi,A5 Coupe,2.0 TDI 190 hp quattro Dynamic S tronic
Audi,A5 Coupe,2.0 TDI 190 hp quattro Sport S tronic
Audi,A5 Coupe,2.0 TDI 190 hp Sport S tronic
Audi,A5 Coupe,2.0 TFSI 252 hp quattro Design S tronic
Audi,A5 Coupe,2.0 TFSI 252 hp quattro Dynamic S tronic
Audi,A5 Coupe,2.0 TFSI 252 hp quattro Sport S tronic
Audi,A5 Sportback,1.4 TFSI 150 hp Design S tronic
Audi,A5 Sportback,1.4 TFSI 150 hp Dynamic S tronic
Audi,A5 Sportback,1.4 TFSI 150 hp Sport S tronic
Audi,A5 Sportback,2.0 TDI 190 hp  Sport S tronic
Audi,A5 Sportback,2.0 TDI 190 hp Design S tronic
Audi,A5 Sportback,2.0 TDI 190 hp Dynamic S tronic
Audi,A5 Sportback,2.0 TDI 190 hp quattro Design S tronic
Audi,A5 Sportback,2.0 TDI 190 hp quattro Dynamic S tronic
Audi,A5 Sportback,2.0 TDI 190 hp quattro Sport S tronic
Audi,A5 Sportback,2.0 TFSI 252 hp quattro Design S tronic
Audi,A5 Sportback,2.0 TFSI 252 hp quattro Dynamic S tronic
Audi,A5 Sportback,2.0 TFSI 252 hp quattro Sport S tronic
Audi,A6,2.0 TDI 190 hp quattro S tronic 
Audi,A6,2.0 TDI 190 hp S tronic 
Audi,A6,3.0 TDI 272 hp quattro S tronic 
Audi,A6,3.0 TDI 320 hp quattro tiptronic
Audi,A6 Allroad,3.0 TDI 272 hp quattro S tronic
Audi,A6 Allroad,3.0 TDI 320 hp quattro tiptronic
Audi,A6 Avant,2.0 TDI 190 hp quattro S tronic
Audi,A6 Avant,2.0 TDI 190 hp S tronic
Audi,A7 Sportback,2.0 TFSI 252 hp quattro S tronic
Audi,A7 Sportback,3.0 TDI 272 hp quattro S tronic
Audi,A7 Sportback,3.0 TDI 320 hp quattro tiptronic
Audi,A8 L,2.0 TFSI 252 hp quattro tiptronic
Audi,A8 L,3.0 TDI 262 hp quattro tiptronic
Audi,A8 L,4.0 TFSI 435 hp quattro tiptronic
Audi,A8 L,4.2 TDI 385 hp quattro tiptronic
Audi,A8 L W12,6.3 FSI 500 hp quattro tiptronic
Audi,Q2,1.4 Turbo FSI 150 hp (COD) Design S tronic
Audi,Q2,1.4 Turbo FSI 150 hp (COD) Dynamic S tronic
Audi,Q2,1.4 Turbo FSI 150 hp (COD) Sport S tronic
Audi,Q2,1.6 TDI 116 hp Design S tronic
Audi,Q2,1.6 TDI 116 hp Dynamic S tronic
Audi,Q2,1.6 TDI 116 hp Sport S tronic
Audi,Q3,1.4 TFSI 150 hp (COD) S tronic
Audi,Q3,2.0 TDI 184 hp quattro S tronic
Audi,Q5,2.0 TDI 190 hp quattro Design S tronic
Audi,Q5,2.0 TDI 190 hp quattro S tronic
Audi,Q5,2.0 TFSI 230 hp quattro tiptronic
Audi,Q7,2.0 TFSI 252 hp quattro tiptronic
Audi,Q7,3.0 TDI 272 hp quattro tiptronic
Audi,R8 Coupe,5.2 FSI V10 plus quattro S tronic
Audi,R8 Coupe,5.2 FSI V10 quattro S tronic
Audi,RS 6 Avant,4.0 TFSI 560 hp quattro tiptronic
Audi,RS 6 Avant,4.0 TFSI 605 hp performance quattro tiptronic
Audi,RS 7 Sportback,4.0 TFSI 560 hp quattro tiptronic
Audi,RS 7 Sportback,4.0 TFSI 605 hp performance quattro tiptronic
Audi,S8,4.0 TFSI 520 hp quattro tiptronic
Audi,S8,4.0 TFSI 605 hp plus quattro tiptronic
Audi,TT Coupe,2.0 TFSI 230 hp quattro S tronic
Audi,TTS Coupe,2.0 TFSI 310 hp quattro S tronic
Bmw,116d,1.5 116BG Joy
Bmw,116d,1.5 116BG Joy Plus
Bmw,116d,1.5 116BG M Plus
Bmw,116d,1.5 116BG Pure
Bmw,118i,1.5 136BG Joy
Bmw,118i,1.5 136BG Joy Plus
Bmw,118i,1.5 136BG M Plus
Bmw,118i,1.5 136BG Pure
Bmw,216d Active Tourer,1.5 116BG Joy
Bmw,216d Active Tourer,1.5 116BG Luxury Line
Bmw,216d Active Tourer,1.5 116BG M Sport
Bmw,216d Active Tourer,1.5 116BG Prestige
Bmw,216d Active Tourer,1.5 116BG Sport Line
Bmw,216d Gran Tourer,1.5 116BG Joy
Bmw,216d Gran Tourer,1.5 116BG Luxury Line
Bmw,216d Gran Tourer,1.5 116BG M Sport
Bmw,216d Gran Tourer,1.5 116BG Prestige
Bmw,216d Gran Tourer,1.5 116BG Sport Line
Bmw,218i Cabrio,1.5 136BG Joy
Bmw,218i Cabrio,1.5 136BG Luxury Line
Bmw,218i Cabrio,1.5 136BG M Sport
Bmw,218i Cabrio,1.5 136BG Prestige
Bmw,218i Cabrio,1.5 136BG Sport Line
Bmw,218i Coupe,1.5 136BG Joy
Bmw,218i Coupe,1.5 136BG Luxury Line
Bmw,218i Coupe,1.5 136BG M Sport
Bmw,218i Coupe,1.5 136BG Prestige
Bmw,218i Coupe,1.5 136BG Sport Line
Bmw,318d Sedan,2.0 150BG 40th Year Edition
Bmw,318d Sedan,2.0 150BG Joy
Bmw,318d Sedan,2.0 150BG Luxury Plus
Bmw,318d Sedan,2.0 150BG M Plus
Bmw,318d Sedan,2.0 150BG Prestige
Bmw,318d Sedan,2.0 150BG Sport Plus
Bmw,318i Sedan,1.5 136BG 40th Year Edition
Bmw,318i Sedan,1.5 136BG Joy
Bmw,318i Sedan,1.5 136BG Luxury Plus
Bmw,318i Sedan,1.5 136BG M Plus
Bmw,318i Sedan,1.5 136BG Prestige
Bmw,318i Sedan,1.5 136BG Sport Plus
Bmw,320d Sedan,2.0 190BG 40th Year Edition
Bmw,320d Sedan,2.0 190BG Joy
Bmw,320d Sedan,2.0 190BG Luxury Plus
Bmw,320d Sedan,2.0 190BG M Plus
Bmw,320d Sedan,2.0 190BG Prestige
Bmw,320d Sedan,2.0 190BG Sport Plus
Bmw,320d Gran Turismo,2.0 190BG 40th Year Edition xDrive
Bmw,320d Gran Turismo,2.0 190BG Joy xDrive
Bmw,320d Gran Turismo,2.0 190BG Luxury Plus xDrive
Bmw,320d Gran Turismo,2.0 190BG M Plus xDrive
Bmw,320d Gran Turismo,2.0 190BG Prestige xDrive
Bmw,320d Gran Turismo,2.0 190BG Sport Plus Xdrive
Bmw,320d Sedan,2.0 190BG 40th Year Edition
Bmw,320d Sedan,2.0 190BG Joy xDrive
Bmw,320d Sedan,2.0 190BG Luxury Plus xDrive
Bmw,320d Sedan,2.0 190BG M Plus xDrive
Bmw,320d Sedan,2.0 190BG Prestige xDrive
Bmw,320d Sedan,2.0 190BG Sport Plus xDrive
Bmw,418d Coupe,2.0 150BG Joy
Bmw,418d Coupe,2.0 150BG Luxury Plus
Bmw,418d Coupe,2.0 150BG M Plus
Bmw,418d Coupe,2.0 150BG Prestige
Bmw,418d Coupe,2.0 150BG Sport Plus
Bmw,418d Coupe,2.0 150BG Ultimate M Sport
Bmw,418d Gran Coupe,2.0 190BG Joy
Bmw,418d Gran Coupe,2.0 190BG Luxury Plus
Bmw,418d Gran Coupe,2.0 190BG M Plus
Bmw,418d Gran Coupe,2.0 190BG Prestige
Bmw,418d Gran Coupe,2.0 190BG Sport Plus
Bmw,418d Gran Coupe,2.0 190BG Ultimate M Sport
Bmw,418i Coupe,1.5 136BG Joy
Bmw,418i Coupe,1.5 136BG Luxury Plus
Bmw,418i Coupe,1.5 136BG M Plus
Bmw,418i Coupe,1.5 136BG Prestige
Bmw,418i Coupe,1.5 136BG Sport Plus
Bmw,418i Coupe,1.5 136BG Ultimate M Sport
Bmw,418i Gran Coupe,1.5 136BG Joy
Bmw,418i Gran Coupe,1.5 136BG Luxury Plus
Bmw,418i Gran Coupe,1.5 136BG M Plus
Bmw,418i Gran Coupe,1.5 136BG Prestige
Bmw,418i Gran Coupe,1.5 136BG Sport Plus
Bmw,418i Gran Coupe,1.5 136BG Ultimate M Sport
Bmw,420d Cabrio,2.0 190BG Luxury Line
Bmw,420d Cabrio,2.0 190BG M PLus
Bmw,420d Cabrio,2.0 190BG Sport Line
Bmw,420d Cabrio,2.0 190BG Ultimate M Sport
Bmw,420d Coupe,2.0 190BG Joy xDrive
Bmw,420d Coupe,2.0 190BG Luxury Plus xDrive
Bmw,420d Coupe,2.0 190BG M Plus xDrive
Bmw,420d Coupe,2.0 190BG Sport Plus xDrive
Bmw,420d Coupe,2.0 190BG Ultimate M Sport xDrive
Bmw,420d Gran Coupe,2.0 190BG Joy xDrive
Bmw,420d Gran Coupe,2.0 190BG Luxury Plus xDrive
Bmw,420d Gran Coupe,2.0 190BG M Plus xDrive
Bmw,420d Gran Coupe,2.0 190BG Sport Plus xDrive
Bmw,420d Gran Coupe,2.0 190BG Ultimate M Sport xDrive
Bmw,430i Cabrio,2.0 252BG Luxury Line xDrive
Bmw,430i Cabrio,2.0 252BG M Sport xDrive
Bmw,430i Cabrio,2.0 252BG Sport Line xDrive
Bmw,430i Cabrio,2.0 252BG Ulitmate M Sport xDrive
Bmw,430i Coupe,2.0 252BG Joy xDrive
Bmw,430i Coupe,2.0 252BG Luxury Plus xDrive
Bmw,430i Coupe,2.0 252BG M Plus xDrive
Bmw,430i Coupe,2.0 252BG Sport Plus xDrive
Bmw,430i Coupe,2.0 252BG Ultimate M Sport xDrive
Bmw,430i Gran Coupe,2.0 252BG Joy xDrive
Bmw,430i Gran Coupe,2.0 252BG Luxury Plus xDrive
Bmw,430i Gran Coupe,2.0 252BG M Plus xDrive
Bmw,430i Gran Coupe,2.0 252BG Sport Plus xDrive
Bmw,430i Gran Coupe,2.0 252BG Ultimate M Sport xDrive
Bmw,520d Sedan,2.0 190BG Luxury Line
Bmw,520d Sedan,2.0 190BG M Sport
Bmw,520d Sedan,2.0 190BG Prestige
Bmw,520d Sedan,2.0 190BG Sport Line
Bmw,520d Sedan,2.0 190BG Luxury Line xDrive
Bmw,520d Sedan,2.0 190BG M Sport xDrive
Bmw,520d Sedan,2.0 190BG Prestige xDrive
Bmw,520d Sedan,2.0 190BG Sport Line xDrive
Bmw,520d Sedan,3.0 265BG Luxury Line xDrive
Bmw,520d Sedan,3.0 265BG M Sport xDrive
Bmw,520d Sedan,3.0 265BG Prestige xDrive
Bmw,520d Sedan,3.0 265BG Sport Line xDrive
Bmw,530i Sedan,2.0 252BG Executive Luxury
Bmw,530i Sedan,2.0 252BG Executive M
Bmw,530i Sedan,2.0 252BG Executive Prestige
Bmw,530i Sedan,2.0 252BG Executive Sport
Bmw,530i Sedan,2.0 252BG Executive Luxury xDrive
Bmw,530i Sedan,2.0 252BG Executive M xDrive
Bmw,530i Sedan,2.0 252BG Executive Prestige xDrive
Bmw,530i Sedan,2.0 252BG Executive Sport xDrive
Bmw,540i Sedan,3.0 340BG Executive Luxury xDrive
Bmw,540i Sedan,3.0 340BG Executive M xDrive
Bmw,540i Sedan,3.0 340BG Executive Prestige xDrive
Bmw,540i Sedan,3.0 340BG Executive Sport xDrive
Bmw,640d Cabrio,3.0 313BG M Sport xDrive
Bmw,640d Cabrio,3.0 313BG Pure xDrive
Bmw,640d Cabrio,3.0 313BG Pure Excellence xDrive
Bmw,640d Cabrio,3.0 313BG Pure Experience xDrive
Bmw,640d Coupe,3.0 313BG M Sport xDrive
Bmw,640d Coupe,3.0 313BG Pure xDrive
Bmw,640d Coupe,3.0 313BG Pure Excellence xDrive
Bmw,640d Coupe,3.0 313BG Pure Experience xDrive
Bmw,640d Gran Coupe,3.0 313BG M Sport xDrive
Bmw,640d Gran Coupe,3.0 313BG Pure xDrive
Bmw,640d Gran Coupe,3.0 313BG Pure Excellence xDrive
Bmw,640d Gran Coupe,3.0 313BG Pure Experience xDrive
Bmw,725d,2.0 231BG M Excellence
Bmw,725d,2.0 231BG M Sport
Bmw,725d,2.0 231BG Pure Excellence
Bmw,725Ld,2.0 231BG M Excellence
Bmw,725Ld,2.0 231BG M Sport
Bmw,725Ld,2.0 231BG Pure Excellence
Bmw,730d,3.0 265BG M Excellence xDrive
Bmw,730d,3.0 265BG M Sport xDrive
Bmw,730d,3.0 265BG Pure Excellence xDrive
Bmw,730i,2.0 258BG M Excellence
Bmw,730i,2.0 258BG M Sport
Bmw,730i,2.0 258BG Pure Excellence
Bmw,730Ld,3.0 265BG M Excellence xDrive
Bmw,730Ld,3.0 265BG M Sport xDrive
Bmw,730Ld,3.0 265BG Pure Excellence xDrive
Bmw,730Li,2.0 258BG M Excellence
Bmw,730Li,2.0 258BG M Sport
Bmw,730Li,2.0 258BG Pure Excellence
Bmw,740Le,2.0 326¬†3BG M Excellence xDrive iPerformance
Bmw,740Le,2.0 326¬†3BG M Sport xDrive iPerformance
Bmw,740Le,2.0 326¬†3BG Pure Excellence xDrive iPerformance
Bmw,750Ld,3.0 400BG M Excellence xDrive
Bmw,750Ld,3.0 400BG M Sport xDrive
Bmw,750Ld,3.0 400BG Pure Excellence xDrive
Bmw,i8,1.5 362 (266)¬†4BG Premium Techno
Bmw,i8,1.5 362 (266)¬†4BG Pure
Bmw,M2 Coupe,3.0 370BG Pure
Bmw,M3 Sedan¬†2,3.0 431BG M Competition
Bmw,M3 Sedan¬†2,3.0 431BG Pure
Bmw,M4 Cabrio¬†2,3.0 431BG M Competition
Bmw,M4 Cabrio¬†2,3.0 431BG Pure
Bmw,M4 Coupe,3.0 431BG M Competition
Bmw,M4 Coupe,3.0 431BG Pure
Bmw,M6 Cabrio¬†2,4.4 560BG Pure
Bmw,M6 Coupe¬†2,4.4 560BG Pure
Bmw,M6 Gran Coupe,4.4 560BG Pure
Bmw,M760Li,6.6 609BG Luxury xDrive
Bmw,M760Li,6.6 609BG Pure xDrive
Bmw,X1,1.5 116BG Joy sDrive16d¬†2
Bmw,X1,1.5 116BG M Sport sDrive16d¬†2
Bmw,X1,1.5 116BG Prestige sDrive16d¬†2
Bmw,X1,1.5 116BG Sport Line sDrive16d¬†2
Bmw,X1,1.5 116BG X Line sDrive16d¬†2
Bmw,X1,1.5 136BG Joy sDrive18i
Bmw,X1,1.5 136BG M Sport sDrive18i
Bmw,X1,1.5 136BG Prestige sDrive18i
Bmw,X1,1.5 136BG Sport Line sDrive18i
Bmw,X1,1.5 136BG X Line sDrive18i
Bmw,X3,1.6 170BG Joy sDrive20i
Bmw,X3,1.6 170BG M Plus sDrive20i
Bmw,X3,1.6 170BG Prestige sDrive20i
Bmw,X3,1.6 170BG X Plus sDrive20i
Bmw,X3,2.0 190BG Joy xDrive20d
Bmw,X3,2.0 190BG M Plus xDrive20d
Bmw,X3,2.0 190BG Prestige xDrive20d
Bmw,X3,2.0 190BG X Plus xDrive20d
Bmw,X4,2.0 190BG Exclusive xDrive20d
Bmw,X4,2.0 190BG Joy xDrive20d
Bmw,X4,2.0 190BG M Sport xDrive20d
Bmw,X4,2.0 190BG X Line xDrive20d
Bmw,X5,2.0 231BG M Plus xDrive25d
Bmw,X5,2.0 231BG Prestige xDrive25d
Bmw,X5,2.0 231BG Pure xDrive25d
Bmw,X5,2.0 313¬†3BG M Plus xDrive40e iPerformance¬†2
Bmw,X5,2.0 313¬†3BG Prestige xDrive40e iPerformance¬†2
Bmw,X5,2.0 313¬†3BG Pure xDrive40e iPerformance¬†2
Bmw,X6,3.0 313BG M Plus xDrive40d
Bmw,X6,3.0 313BG Prestige Plus xDrive40d
Bmw,X6,3.0 313BG Pure xDrive40d
Citroen,C Elysee,1.2 PURETECH 82HP M/T LIVE
Citroen,C Elysee,1.6 HDI 92HP M/T ATTRACTION
Citroen,C Elysee,1.6 HDI 92HP M/T CONFORT
Citroen,C Elysee,1.6 HDI 92HP M/T EXCLUSIVE
Citroen,C Elysee,1.6 HDI 92HP M/T FEEL
Citroen,C Elysee,1.6 HDI 92HP M/T LIVE
Citroen,C Elysee,1.6 HDI 92HP M/T SHINE
Citroen,C3,1.2 PURETECH 82HP BVM5 FEEL
Citroen,C3,1.2 PURETECH 82HP BVM5 LIVE
Citroen,C3,1.6 BLUEHDI 100HP S&S BVM5 SHINE
Citroen,C3,1.6 BLUEHDI 75HP S&S BVM5 FEEL
Citroen,C3,1.6 BLUEHDI 75HP S&S BVM5 LIVE
Citroen,C4,1.6 BLUEHDI 120HP EAT6 CONFORT
Citroen,C4,1.6 HDI 92HP M/T CONFORT
Citroen,C4,1.6 HDI 92HP M/T EASY
Citroen,C4 Cactus,1.2 PURETECH 82HP ETG5 FEEL
Citroen,C4 Cactus,1.2 PURETECH 82HP ETG5 SHINE
Citroen,C4 Cactus,1.6 E-HDI 92HP ETG6 FEEL
Citroen,C4 Cactus,1.6 E-HDI 92HP ETG6 SHINE
Citroen,C4 Picasso,1.6 BLUEHDI 120HP EAT6 INTENSIVE 5K
Citroen,Grand C4 Picasso,1.6 BLUEHDI 120HP EAT6 INTENSIVE 7K
Dacia,Duster,1.5 dCi 110 bg Ambiance 4x4
Dacia,Duster,1.5 dCi 110 bg EDC Blackshadow
Dacia,Duster,1.5 dCi 110 bg EDC Laureate 4x2
Dacia,Duster,1.5 dCi 110 bg Laureate 4x2
Dacia,Duster,1.5 dCi 110 bg Laureate 4x4
Dacia,Duster,1.5 dCi 90 bg Ambiance 4x2
Dacia,Duster,1.5 dCi 90 bg Laureate 4x2
Dacia,Duster,1.6 16V 115 bg Ambiance 4x2
Dacia,Lodgy,1.5 dCi 110 bg Stepway - 5 koltuklu
Dacia,Lodgy,1.5 dCi 110 bg Stepway - 7 koltuklu
Dacia,Lodgy,1.5 dCi 90 bg Laureate - 5 koltuklu
Dacia,Lodgy,1.5 dCi 90 bg Laureate - 7 koltuklu
Dacia,Logan MCV,1.0 Sce 75 bg Ambiance
Dacia,Logan MCV,1.5 dCi 90 bg Ambiance
Dacia,Sandero,1.0 90 bg Easy-R Stepway Turbo 
Dacia,Sandero,1.0 90 bg Stepway Turbo
Dacia,Sandero,1.0 Sce 75 bg Ambiance
Dacia,Sandero,1.5 dCi 90 bg Easy-R Stepway
Dacia,Sandero,1.5 dCi 90 bg Stepway
Fiat,500,0.9 105 HP Twinair 500 Sport
Fiat,500,0.9 85 HP Twinair Dualogic 500 Sport
Fiat,500,1.2 Fire 69 HP 500 Pop
Fiat,500,1.2 Fire 69 HP Dualogic 500 Lounge
Fiat,500,1.2 Fire 69 HP Dualogic 500 Sport
Fiat,500,1.2 Fire 69 HP Dualogic 500C Lounge
Fiat,500,1.2 Fire 69 HP Dualogic 500C Riva
Fiat,500L,1.3 M.Jet 95 HP Dualogic Popstar
Fiat,500L,1.3 M.Jet 95 HP Dualogic Rockstar
Fiat,500L,1.3 M.Jet 95 HP Popstar
Fiat,500L,1.3 M.Jet 95 HP Rockstar
Fiat,500L,1.4 Fire 95 HP Popstar
Fiat,500L,1.6 M.Jet 120 HP Rockstar
Fiat,500L Living,1.3 M.Jet 95 HP Dualogic (5 Koltuk) Lounge
Fiat,500L Living,1.3 M.Jet 95 HP Dualogic (7 Koltuk) Lounge
Fiat,500L Living,1.6 M.Jet 120 HP (7 Koltuk) Lounge
Fiat,500X,1.3 M.Jet 95 HP Cross
Fiat,500X,1.4 Multi Air 140 HP DCT Cross
Fiat,500X,1.4 Multi Air 140 HP DCT Cross Plus
Fiat,500X,1.4 Multi Air 170 HP AT9 4X4 Cross Plus
Fiat,500X,1.6 E-TORQ 110 HP Pop Plus
Fiat,500X,1.6 Multi Jet 120 HP Cross Plus
Fiat,500X,1.6 Multi Jet 120 HP DCT Cross
Fiat,500X,1.6 Multi Jet 120 HP DCT Cross Plus
Fiat,Doblo Panorama,1.6 M.Jet 105 HP Easy
Fiat,Doblo Panorama,1.6 M.Jet 105 HP Easy Maxi
Fiat,Doblo Panorama,1.6 M.Jet 105 HP Premio Plus (Gri / Black)
Fiat,Doblo Panorama,1.6 M.Jet 105 HP Safeline
Fiat,Doblo Panorama,1.6 M.Jet 90 HP Conformatic Premio Plus (Gri / Black)
Fiat,Egea Hatchback,1.3 M.Jet 95 HP Easy Plus
Fiat,Egea Hatchback,1.3 M.Jet 95 HP Urban Plus
Fiat,Egea Hatchback,1.4 Fire 95 HP Easy Plus
Fiat,Egea Hatchback,1.4 Fire 95 HP Lounge Plus
Fiat,Egea Hatchback,1.4 Fire 95 HP Urban Plus
Fiat,Egea Hatchback,1.4 T-Jet 120 HP Lounge Plus
Fiat,Egea Hatchback,1.6 E-Torq 110 HP AT6 Easy Plus
Fiat,Egea Hatchback,1.6 E-Torq 110 HP AT6 Lounge Plus
Fiat,Egea Hatchback,1.6 E-Torq 110 HP AT6 Urban Plus
Fiat,Egea Hatchback,1.6 M.Jet 120 HP DCT Easy Plus
Fiat,Egea Hatchback,1.6 M.Jet 120 HP DCT Lounge Plus
Fiat,Egea Hatchback,1.6 M.Jet 120 HP DCT Urban Plus
Fiat,Egea Hatchback,1.6 M.Jet 120 HP Lounge Plus
Fiat,Egea Hatchback,1.6 M.Jet 120 HP Urban Plus
Fiat,Egea Sedan,1.3 M.Jet 95 HP Easy
Fiat,Egea Sedan,1.3 M.Jet 95 HP Lounge
Fiat,Egea Sedan,1.3 M.Jet 95 HP Urban
Fiat,Egea Sedan,1.4 Fire 95 HP Easy
Fiat,Egea Sedan,1.4 Fire 95 HP Lounge
Fiat,Egea Sedan,1.4 Fire 95 HP Urban
Fiat,Egea Sedan,1.6 E-Torq 110 HP AT6 Lounge
Fiat,Egea Sedan,1.6 E-Torq 110 HP AT6 Urban
Fiat,Egea Sedan,1.6 M.Jet 120 HP DCT Comfort
Fiat,Egea Sedan,1.6 M.Jet 120 HP DCT Lounge
Fiat,Egea Sedan,1.6 M.Jet 120 HP DCT Urban
Fiat,Egea Sedan,1.6 M.Jet 120 HP Lounge
Fiat,Egea Sedan,1.6 M.Jet 120 HP Urban
Fiat,Egea Stationwagon,1.6 E-Torq 110 HP AT6 Lounge Plus
Fiat,Egea Stationwagon,1.6 E-Torq 110 HP AT6 Urban Plus
Fiat,Egea Stationwagon,1.6 M.Jet 120 HP DCT Lounge Plus
Fiat,Egea Stationwagon,1.6 M.Jet 120 HP DCT Urban Plus
Fiat,Egea Stationwagon,1.6 M.Jet 120 HP Lounge Plus
Fiat,Egea Stationwagon,1.6 M.Jet 120 HP Urban Plus
Fiat,Fiorino Panorama,1.3 M.Jet 75 HP Emotion
Fiat,Fiorino Panorama,1.3 M.Jet 75 HP Pop
Fiat,Fiorino Panorama,1.3 M.Jet 95 HP Premio
Fiat,Linea,1.3 M.Jet 95 HP Pop
Fiat,Linea,1.3 M.Jet 95 HP Urban
Fiat,Linea,1.4 77 HP Pop
Fiat,Panda,0.9 85 HP Twinair Dualogic Lounge S1
Fiat,Panda,1.2 69 HP Pop S1
Fiat,Panda,1.3 M.Jet 95 HP Cross S1
Fiat,Punto,1.4 Fire 77 HP S&S Popstar
Ford,B-Max,1.5L TDCi 95PS (215 Nm) Titanium
Ford,B-Max,1.6L Ti-VCT 105PS (150 Nm) Titanium
Ford,B-Max,1.6L Ti-VCT 105PS (150 Nm) Trend
Ford,C-Max Compact,1.5L EcoBoost 182PS (240 Nm) Titanium
Ford,C-Max Compact,1.5L EcoBoost 182PS (240 Nm) Trend
Ford,C-Max Compact,1.5L TDCi 120PS (300Nm) Titanium
Ford,C-Max Compact,1.5L TDCi 120PS (300Nm) Trend
Ford,C-Max Compact,1.6L TDCi  115PS (270Nm) Titanium
Ford,C-Max Compact,1.6L TDCi  115PS (270Nm) Trend
Ford,C-Max Compact,1.6L Ti-VCT 125PS (159 Nm) Trend
Ford,C-Max Grand,1.5L EcoBoost 182PS (240 Nm) Titanium
Ford,C-Max Grand,1.5L TDCi 120PS (270Nm) Titanium
Ford,C-Max Grand,1.5L TDCi 120PS (300Nm) Titanium
Ford,Fiesta,1.0L Ecoboost 100PS (170 Nm) ST Line 
Ford,Fiesta,1.0L Ecoboost 140PS (180 Nm) ST Line 
Ford,Fiesta,1.2L 82PS (114 Nm) Trend
Ford,Fiesta,1.2L 82PS (114 Nm) Trend X
Ford,Fiesta,1.4L  96PS (128 Nm) Titanium
Ford,Fiesta,1.5L TDCi 75PS (185 Nm) Titanium
Ford,Fiesta,1.5L TDCi 75PS (185 Nm) Trend
Ford,Fiesta,1.5L TDCi 75PS (185 Nm) Trend X
Ford,Fiesta,1.6L Ti-VCT  105PS (150 Nm) Titanium
Ford,Fiesta,1.6L Ti-VCT  105PS (150 Nm) Trend
Ford,Fiesta,1.6L Ti-VCT  105PS (150 Nm) Trend X
Ford,Focus 4 Kapƒ±,1.0L EcoBoost 125PS (170 Nm) Titanium
Ford,Focus 4 Kapƒ±,1.0L EcoBoost 125PS (170 Nm) Titanium
Ford,Focus 4 Kapƒ±,1.5L TDCi 120PS (300 Nm) Style
Ford,Focus 4 Kapƒ±,1.5L TDCi 120PS (300 Nm) Titanium
Ford,Focus 4 Kapƒ±,1.5L TDCi 120PS (300 Nm) Trend X
Ford,Focus 4 Kapƒ±,1.6L TDCi 115PS (270 Nm) Style
Ford,Focus 4 Kapƒ±,1.6L TDCi 115PS (270 Nm) Titanium
Ford,Focus 4 Kapƒ±,1.6L TDCi 95PS (230 Nm) Trend X
Ford,Focus 4 Kapƒ±,1.6L Ti-VCT 125PS (159 Nm) Style
Ford,Focus 4 Kapƒ±,1.6L Ti-VCT 125PS (159 Nm) Style
Ford,Focus 4 Kapƒ±,1.6L Ti-VCT 125PS (159 Nm) Titanium
Ford,Focus 4 Kapƒ±,1.6L Ti-VCT 125PS (159 Nm) Titanium
Ford,Focus 4 Kapƒ±,1.6L Ti-VCT 125PS (159 Nm) Trend X
Ford,Focus 4 Kapƒ±,1.6L Ti-VCT 125PS (159 Nm) Trend X
Ford,Focus 5 Kapƒ±,1.0L EcoBoost 125PS (170 Nm) ST Line 
Ford,Focus 5 Kapƒ±,1.0L EcoBoost 125PS (170 Nm) Titanium
Ford,Focus 5 Kapƒ±,1.0L EcoBoost 125PS (170 Nm) Titanium
Ford,Focus 5 Kapƒ±,1.5L TDCi 120PS (300 Nm) ST Line 
Ford,Focus 5 Kapƒ±,1.5L TDCi 120PS (300 Nm) Style
Ford,Focus 5 Kapƒ±,1.5L TDCi 120PS (300 Nm) Titanium
Ford,Focus 5 Kapƒ±,1.5L TDCi 120PS (300 Nm) Trend X
Ford,Focus 5 Kapƒ±,1.6L TDCi 115PS (270 Nm) Style
Ford,Focus 5 Kapƒ±,1.6L TDCi 115PS (270 Nm) Titanium
Ford,Focus 5 Kapƒ±,1.6L TDCi 95PS (230 Nm) Trend X
Ford,Focus 5 Kapƒ±,1.6L Ti-VCT 125PS (159 Nm) ST Line 
Ford,Focus 5 Kapƒ±,1.6L Ti-VCT 125PS (159 Nm) Style
Ford,Focus 5 Kapƒ±,1.6L Ti-VCT 125PS (159 Nm) Style
Ford,Focus 5 Kapƒ±,1.6L Ti-VCT 125PS (159 Nm) Titanium
Ford,Focus 5 Kapƒ±,1.6L Ti-VCT 125PS (159 Nm) Titanium
Ford,Focus 5 Kapƒ±,1.6L Ti-VCT 125PS (159 Nm) Trend X
Ford,Focus 5 Kapƒ±,1.6L Ti-VCT 125PS (159 Nm) Trend X
Ford,Focus Station Wagon,1.5L TDCi 120PS (300 Nm) Style
Ford,Focus Station Wagon,1.5L TDCi 120PS (300 Nm) Titanium
Ford,Focus Station Wagon,1.5L TDCi 120PS (300 Nm) Trend X
Ford,Focus Station Wagon,1.6L TDCi 115PS (270 Nm) Style
Ford,Focus Station Wagon,1.6L TDCi 115PS (270 Nm) Titanium
Ford,Focus Station Wagon,1.6L TDCi 95PS (230 Nm) Trend X
Ford,Galaxy,1.5L EcoBoost 160PS (240 Nm) Style
Ford,Galaxy,2.0L TDCi 180PS (400Nm) Titanium
Ford,Kuga,1.5L EcoBoost 182PS (240 Nm) Style
Ford,Kuga,1.5L TDCi 120PS 120PS (270Nm) Style
Ford,Kuga,1.5L TDCi 120PS 120PS (270Nm) Titanium
Ford,Kuga,1.5L TDCi 120PS 120PS (300Nm) ST-Line
Ford,Kuga,1.5L TDCi 120PS 120PS (300Nm) Style
Ford,Kuga,1.5L TDCi 120PS 120PS (300Nm) Titanium
Ford,Mondeo 4 Kapƒ±,1.5L EcoBoost 160PS (240 Nm) Style
Ford,Mondeo 4 Kapƒ±,1.5L EcoBoost 160PS (240 Nm) Titanium
Ford,Mondeo 4 Kapƒ±,1.6L TDCi 115PS (270Nm) Style
Ford,Mondeo 4 Kapƒ±,1.6L TDCi 115PS (270Nm) Titanium
Ford,Mondeo 4 Kapƒ±,2.0L TDCi 180PS (400Nm) Style
Ford,Mondeo 4 Kapƒ±,2.0L TDCi 180PS (400Nm) Titanium
Ford,Mondeo 5 Kapƒ±,1.5L EcoBoost 160PS (240 Nm) Titanium
Ford,Mondeo Station Wagon,1.5L EcoBoost 160PS (240 Nm) Titanium
Ford,S-Max,1.5L EcoBoost 160PS (240 Nm) Style
Ford,S-Max,2.0L TDCi 180PS (400Nm) Titanium
Honda,Civic Hatchback,1.5L 182PS Sport
Honda,Civic Sedan,1.5L 182PS RS
Honda,Civic Sedan,1.6L 125PS Elegance
Honda,Civic Sedan,1.6L 125PS Elegance
Honda,Civic Sedan,1.6L 125PS Elegance ECO
Honda,Civic Sedan,1.6L 125PS Elegance ECO
Honda,Civic Sedan,1.6L 125PS Executive
Honda,Civic Sedan,1.6L 125PS Executive ECO
Honda,Civic Sedan,1.6L 125PS Executive ECO
Honda,Civic Sedan,1.6L 125PS Premium
Honda,Civic Sedan,1.6L 125PS Premium ECO
Honda,Civic Sedan,1.6L 125PS Premium ECO
Honda,CR-V,1.6L 120PS Elegance
Honda,CR-V,1.6L 120PS Premium
Honda,CR-V,1.6L 160PS Elegance
Honda,CR-V,1.6L 160PS Executive
Honda,CR-V,1.6L 160PS Executive+
Honda,CR-V,1.6L 160PS Premium
Honda,HR-V,1.5L 130PS Elegance
Honda,HR-V,1.5L 130PS Elegance
Honda,HR-V,1.5L 130PS Executive
Honda,HR-V,1.5L 130PS Executive
Honda,HR-V,1.5L 130PS Premium
Honda,HR-V,1.6L 120PS Elegance
Honda,HR-V,1.6L 120PS Premium
Honda,Jazz,1.3L 102PS Dream
Honda,Jazz,1.3L 102PS Elegance
Honda,Jazz,1.3L 102PS Elegance
Honda,Jazz,1.3L 102PS Premium
Honda,Type-R,2.0L 310PS Sport
Hyundai,Accent Blue,1.4 D-CVVT MODE (BENZƒ∞NLƒ∞)
Hyundai,Accent Blue,1.4 D-CVVT MODE PLUS (BENZƒ∞NLƒ∞)
Hyundai,Accent Blue,1.4 D-CVVT MODE PLUS CVT OTM. (BENZƒ∞NLƒ∞)
Hyundai,Accent Blue,1.4 D-CVVT PRIME (BENZƒ∞NLƒ∞)
Hyundai,Accent Blue,1.4 D-CVVT PRIME CVT OTM. (BENZƒ∞NLƒ∞)
Hyundai,Accent Blue,1.6 CRDI MODE (Dƒ∞ZEL)
Hyundai,Accent Blue,1.6 CRDI MODE DCT (Dƒ∞ZEL)
Hyundai,Accent Blue,1.6 CRDI MODE PLUS (Dƒ∞ZEL)
Hyundai,Accent Blue,1.6 CRDI MODE PLUS DCT (Dƒ∞ZEL)
Hyundai,Accent Blue,1.6 CRDI PRIME (Dƒ∞ZEL)
Hyundai,Accent Blue,1.6 CRDI PRIME DCT (Dƒ∞ZEL)
Hyundai,Elantra,1.6 CRDi ELITE (Dƒ∞ZEL)
Hyundai,Elantra,1.6 CRDi ELITE DCT (Dƒ∞ZEL)
Hyundai,Elantra,1.6 CRDi ELITE PLUS DCT (Dƒ∞ZEL)
Hyundai,Elantra,1.6 CRDi ELITE PLUS DCT (SUNROOF) (Dƒ∞ZEL)
Hyundai,Elantra,1.6 D-CVVT STYLE (BENZƒ∞NLƒ∞)
Hyundai,Elantra,1.6 D-CVVT STYLE OTM. (BENZƒ∞NLƒ∞)
Hyundai,i10,1.0 D-CVVT JUMP (BENZƒ∞NLƒ∞)
Hyundai,i10,1.0 D-CVVT JUMP OTM. (BENZƒ∞NLƒ∞)
Hyundai,i10,1.0 D-CVVT STYLE OTM. (BENZƒ∞NLƒ∞)
Hyundai,i10,1.2 D-CVVT ELITE OTM. (BENZƒ∞NLƒ∞)
Hyundai,i10,1.2 D-CVVT STAR OTM. (BENZƒ∞NLƒ∞)
Hyundai,i20,1.0 T-GDI STAR (BENZƒ∞NLƒ∞) 
Hyundai,i20,1.2 MPI ELITE (BENZƒ∞NLƒ∞)
Hyundai,i20,1.2 MPI JUMP (BENZƒ∞NLƒ∞)
Hyundai,i20,1.2 MPI STYLE (BENZƒ∞NLƒ∞)
Hyundai,i20,1.4 CRDi ELITE (Dƒ∞ZEL)
Hyundai,i20,1.4 CRDi JUMP (Dƒ∞ZEL)
Hyundai,i20,1.4 CRDi STYLE (Dƒ∞ZEL)
Hyundai,i20,1.4 MPI ELITE OTM. (BENZƒ∞NLƒ∞)
Hyundai,i20,1.4 MPI JUMP OTM. (BENZƒ∞NLƒ∞)
Hyundai,i20,1.4 MPI STAR OTM. (BENZƒ∞NLƒ∞)  
Hyundai,i20,1.4 MPI STYLE OTM. (BENZƒ∞NLƒ∞)
Hyundai,i20 Active,1.0 T-GDI ELITE (BENZƒ∞NLƒ∞)
Hyundai,i20 Active,1.4 MPI ELITE OTM. (BENZƒ∞NLƒ∞)
Hyundai,i20 Coupe,1.4 MPI (BENZƒ∞NLƒ∞)
Hyundai,i20 Coupe,1.4 MPI OTM. (BENZƒ∞NLƒ∞)
Hyundai,i30,1.4 MPI BLUE DRIVE (BENZƒ∞NLƒ∞)
Hyundai,i30,1.6 CRDi BLUE DRIVE (Dƒ∞ZEL)
Hyundai,i30,1.6 CRDi BLUE DRIVE DCT (Dƒ∞ZEL)
Hyundai,i30,1.6 CRDi ELITE (Dƒ∞ZEL)
Hyundai,i30,1.6 CRDi ELITE DCT (Dƒ∞ZEL)
Hyundai,i30,1.6 CRDi STYLE (Dƒ∞ZEL)
Hyundai,i30,1.6 CRDi STYLE DCT (Dƒ∞ZEL)
Hyundai,i30,1.6 CRDi STYLE DESIGN PACK DCT (Dƒ∞ZEL)
Hyundai,i30,1.6 GDI ELITE (BENZƒ∞NLƒ∞)
Hyundai,i30,1.6 GDI ELITE DCT (BENZƒ∞NLƒ∞)
Hyundai,i30,1.6 GDI STYLE (BENZƒ∞NLƒ∞)
Hyundai,i30,1.6 GDI STYLE DCT (BENZƒ∞NLƒ∞)
Hyundai,i30,1.6 GDI STYLE DESIGN PACK DCT (BENZƒ∞NLƒ∞)
Hyundai,i30,1.6 TURBO GDI SPORT (BENZƒ∞NLƒ∞)
Hyundai,i30 CW,1.6 CRDi ELITE DCT (Dƒ∞ZEL)
Hyundai,i30 CW,1.6 CRDi STYLE (Dƒ∞ZEL)
Hyundai,i30 CW,1.6 CRDi STYLE DCT (Dƒ∞ZEL)
Hyundai,Santa Fe,2.0 CRDi (Dƒ∞ZEL) 6 ƒ∞LERƒ∞ OTOMATƒ∞K SHIFTRONIC
Hyundai,Tucson,1.6 GDI ELITE OTM. (BENZƒ∞NLƒ∞)
Hyundai,Tucson,1.6 GDI STYLE (BENZƒ∞NLƒ∞)
Hyundai,Tucson,1.6 GDI STYLE OTM. (BENZƒ∞NLƒ∞)
Hyundai,Tucson,1.6 T-GDI ELITE (BENZƒ∞NLƒ∞)
Hyundai,Tucson,1.6 T-GDI ELITE 4X2 DCT (BENZƒ∞NLƒ∞)
Hyundai,Tucson,1.6 T-GDI ELITE 4X4 DCT (BENZƒ∞NLƒ∞)
Hyundai,Tucson,1.6 T-GDI ELITE PLUS 4X2 DCT (BENZƒ∞NLƒ∞)
Hyundai,Tucson,1.6 T-GDI ELITE PLUS 4X4 DCT (BENZƒ∞NLƒ∞)
Hyundai,Tucson,1.6 T-GDI ELITE PLUS 4X4 DCT RED PACK (BENZƒ∞NLƒ∞)
Hyundai,Tucson,1.6 T-GDI STYLE (BENZƒ∞NLƒ∞)
Hyundai,Tucson,1.6 T-GDI STYLE 4X2 DCT (BENZƒ∞NLƒ∞)
Hyundai,Tucson,1.6 T-GDI STYLE 4X4 DCT (BENZƒ∞NLƒ∞)
Hyundai,Tucson,2.0 CRDi EXECUTIVE 4X4 OTM. (Dƒ∞ZEL)
Infiniti,Q30,1.5 D 109 BG Premium 
Infiniti,Q30,1.5 D 109 BG Premium City Black
Infiniti,Q30,1.5 D 109 BG Premium City Black - Sport
Infiniti,Q30,1.6 P 156 BG Premium 
Infiniti,Q30,1.6 P 156 BG Premium Tech
Infiniti,Q30,1.6 P 156 BG Premium Tech - Theme 
Infiniti,Q30,1.6 P 156 BG Sport 
Infiniti,Q50,2.0 T 211 BG Premium 
Infiniti,Q50,2.0 T 211 BG Sport Tech
Isuzu,D-Max,2.5L 163 PS 4x2 LIMITED 6M/T √áift Kabin
Isuzu,D-Max,2.5L 163 PS 4x2 TR 6M/T √áift Kabin
Isuzu,D-Max,2.5L 163 PS 4x4 LIMITED 6M/T √áift Kabin
Isuzu,D-Max,2.5L 163 PS 4x4 TR 6M/T √áift Kabin
Isuzu,D-Max,2.5L 163 PS 4x4 V-CROSS 5A/T √áift Kabin
Jeep,Grand Cherokee Limited,3.0 250hp 8ATX 4x4 Dizel Euro 6
Jeep,Grand Cherokee Overland,3.0 250hp 8ATX 4x4 Dizel Euro 6
Jeep,Grand Cherokee Summit,3.0 250hp 8ATX 4x4 Dizel Euro 6
Jeep,Renegade,1.4 MultiAir2 Turbo Benzinli 9ATX AWD Limited
Jeep,Renegade,1.4 MultiAir2 Turbo Benzinli DDCT 4x2 Limited
Jeep,Renegade,1.4 MultiAir2 Turbo Benzinli DDCT 4x2 Longitude
Jeep,Renegade,1.4 MultiAir2 Turbo Benzinli MT 4x2 Limited
Jeep,Renegade,1.4 MultiAir2 Turbo Benzinli MT 4x2 Longitude
Jeep,Renegade,1.6 120hp DDCT Longitude Dizel Std
Jeep,Renegade,1.6 120hp DDCT Longitude Dizel Std+Sunroof
Jeep,Renegade,1.6 Multijet Dizel MT 4x2 Limited
Jeep,Renegade,1.6 Multijet Dizel MT 4x2 Longitude
Jeep,Renegade,2.0 Multijet Dizel 9AT 4x4 Trailhawk
Jeep,Wrangler Rubicon,2.8 200hp 4x4 Dizel
Kia,Cee'd,1.6L 136 PS COMFORT
Kia,Cee'd,1.6L 136 PS COMFORT
Kia,Cee'd,1.6L 136 PS CONCEPT PLUS
Kia,Cee'd,1.6L 136 PS CONCEPT PLUS
Kia,Cee'd,1.6L 136 PS PREMIUM
Kia,Cee'd Sportywagon,1.6L 136 PS COMFORT
Kia,Cee'd Sportywagon,1.6L 136 PS COMFORT
Kia,Cee'd Sportywagon,1.6L 136 PS CONCEPT PLUS
Kia,Cee'd Sportywagon,1.6L 136 PS CONCEPT PLUS
Kia,Cee'd Sportywagon,1.6L 136 PS PREMIUM
Kia,Cerato,1.6L 130 PS COMFORT
Kia,Cerato,1.6L 130 PS CONCEPT
Kia,Cerato,1.6L 130 PS CONCEPT TECHNO PAKET
Kia,Cerato,1.6L 136 PS CONCEPT
Kia,Cerato,1.6L 136 PS CONCEPT PLUS
Kia,Cerato,1.6L 136 PS CONCEPT TECHNO PAKET
Kia,Picanto,1.25 84 PS COMFORT
Kia,Rio Hatchback,1.25 85 PS COMFORT
Kia,Rio Hatchback,1.25 85 PS CONCEPT
Kia,Rio Hatchback,1.4 100 PS COMFORT
Kia,Rio Hatchback,1.4 100 PS CONCEPT
Kia,Rio Hatchback,1.4 90 PS COMFORT
Kia,Rio Hatchback,1.4 90 PS CONCEPT
Kia,Rio Hatchback,1.4 90 PS CONCEPT PLUS
Kia,Rio Sedan,1.4 109 PS COMFORT
Kia,Sorento,2.0L 185 PS PRESTIGE
Kia,Soul,1.6L 136 PS PREMIUM
Kia,Sportage,1.6L 132 PS COMFORT
Kia,Sportage,1.6L 132 PS COMFORT
Kia,Sportage,1.6L 132 PS CONCEPT PLUS
Kia,Sportage,1.6L 132 PS PREMIUM
Kia,Sportage,1.6L 177 PS EXCLUSIVE GT-Line
Kia,Sportage,1.6L 177 PS PREMIUM TURBO
Kia,Sportage,1.6L 177 PS PRESTIGE GT-Line
Kia,Sportage,2.0L 185 PS PRESTIGE GT-Line
Land Rover,Discovery,2.0 SD4 240 BG HSE
Land Rover,Discovery,2.0 SD4 240 BG HSE LUXURY
Land Rover,Discovery,2.0 TD4 180 BG HSE
Land Rover,Discovery,2.0 TD4 180 BG SE
Land Rover,Discovery,2.0 TD4 180 BG SE PLUS
Land Rover,Discovery Sport,2.0 Si4 240 BG HSE
Land Rover,Discovery Sport,2.0 Si4 240 BG HSE LUXURY
Land Rover,Discovery Sport,2.0 Td4 150 BG HSE
Land Rover,Discovery Sport,2.0 Td4 150 BG SE
Land Rover,Discovery Sport,2.0 Td4 180 BG HSE
Land Rover,Discovery Sport,2.0 Td4 180 BG HSE LUXURY
Land Rover,Range Rover,3.0 SDV6 354 BG AUTOBIOGRAPHY
Land Rover,Range Rover,3.0 SDV6 354 BG LWB AUTOBIOGRAPHY
Land Rover,Range Rover,3.0 SDV6 354 BG VOGUE SE
Land Rover,Range Rover,3.0 TDV6 258 BG AUTOBIOGRAPHY
Land Rover,Range Rover,3.0 TDV6 258 BG HSE
Land Rover,Range Rover,3.0 TDV6 258 BG LWB AUTOBIOGRAPHY
Land Rover,Range Rover,3.0 TDV6 258 BG LWB VOGUE
Land Rover,Range Rover,3.0 TDV6 258 BG VOGUE
Land Rover,Range Rover,5.0 S/C V8 510 BG AUTOBIOGRAPHY
Land Rover,Range Rover,5.0 S/C V8 510 BG LOWER LWB S/C AUTOBIOGRAPHY
Land Rover,Range Rover,5.0 S/C V8 550 BG LOWER LWB S/C SVAUTOBIOGRAPHY
Land Rover,Range Rover Evoque,2.0 Si4 240 BG HSE
Land Rover,Range Rover Evoque,2.0 Si4 240 BG HSE DYNAMIC
Land Rover,Range Rover Evoque,2.0 Td4 150 BG SE DYNAMIC
Land Rover,Range Rover Evoque,2.0 Td4 180 BG HSE
Land Rover,Range Rover Evoque,2.0 Td4 180 BG HSE DYNAMIC
Land Rover,Range Rover Evoque,2.0 Td4 180 BG SE DYNAMIC
Land Rover,Range Rover Evoque Convertible,2.0 Td4 180 BG HSE DYNAMIC
Land Rover,Range Rover Sport,2.0 Sd4 240 BG HSE
Land Rover,Range Rover Sport,2.0 Sd4 240 BG HSE PLUS
Land Rover,Range Rover Sport,2.0 Sd4 240 BG SE
Land Rover,Range Rover Sport,3.0 SDV6 306BG AUTOBIOGRAPHY DYN
Land Rover,Range Rover Sport,3.0 SDV6 306BG HSE DYNAMIC
Land Rover,Range Rover Sport,3.0 SDV6 354BG AUTOBIOGRAPHY DYN
Land Rover,Range Rover Sport,3.0 SDV6 354BG AUTOBIOGRAPHY DYN
Land Rover,Range Rover Sport,5.0 S/C V8 550 BG SVR
Lexus,GS 200t,2.0 Comfort
Lexus,GS 200t,2.0 Comfort Plus
Lexus,GS 200t,2.0 Exclusive
Lexus,GS 200t,2.0 F Sport
Lexus,GSF,5.0 GSF
Lexus,IS 200t,2.0 Comfort
Lexus,IS 200t,2.0 Exclusive
Lexus,IS 200t,2.0 Executive
Lexus,IS 200t,2.0 Executive Plus
Lexus,IS 200t,2.0 F Sport
Lexus,LS 600hL,5.0 LS600hL
Lexus,LS 600hL,5.0 LS600hL Shimamoku
Lexus,NX 200t,2.0 Business 4x2
Lexus,NX 200t,2.0 Business 4x4
Lexus,NX 200t,2.0 Comfort 4x2
Lexus,NX 200t,2.0 Comfort Plus 4x2
Lexus,NX 200t,2.0 Exclusive 4x4
Lexus,NX 200t,2.0 Executive 4x4
Lexus,NX 200t,2.0 F Sport 4x4 Panaroof
Lexus,NX 200t,2.0 F Sport 4x4 Sunroof
Lexus,RC 200t,2.0 Comfort
Lexus,RC 200t,2.0 Exclusive
Lexus,RC 200t,2.0 F Sport
Lexus,RCF,5.0 RCF Carbon
Lexus,RX 200t,2.0 Comfort 4x2
Lexus,RX 200t,2.0 Comfort 4x4
Lexus,RX 200t,2.0 Comfort Plus 4x2
Lexus,RX 200t,2.0 Exclusive 4x4
Lexus,RX 200t,2.0 Executive 4x4
Lexus,RX 200t,2.0 Executive 4x4 Panaroof
Lexus,RX 200t,2.0 Executive 4x4 Sunroof
Lexus,RX 200t,2.0 F SPORT 4x4
Lexus,RX 450h,3.5 Exclusive 4x4
Lexus,RX 450h,3.5 Executive 4x4
Lexus,RX 450h,3.5 F Sport 4x4
Mazda,CX-3,1.5 SKY-D 4x4 AT Motion
Mazda,CX-3,1.5 SKY-D 4x4 AT Power
Mazda,CX-3,1.5 SKY-D 4x4 AT Power Beyaz Deri
Mazda,CX-3,1.5 SKY-D 4x4 AT Power Sense
Mazda,CX-3,1.5 SKY-D 4x4 AT Power Sense Beyaz Deri
Mazda,CX-3,1.5 SKY-D 4x4 AT Power Sense Plus
Mazda,CX-3,1.5 SKY-D 4x4 AT Reflex
Mazda,CX-3,1.5 SKY-D Motion
Mazda,CX-3,1.5 SKY-D Reflex
Mazda,CX-5,2.0 SKY-G 4x4 AT Power
Mazda,CX-5,2.0 SKY-G 4x4 AT Power Beyaz Deri
Mazda,Mazda3 Hatchback,1.5 SKY-D AT Motion
Mazda,Mazda3 Hatchback,1.5 SKY-D AT Power
Mazda,Mazda3 Hatchback,1.5 SKY-D AT Power Beyaz Deri
Mazda,Mazda3 Hatchback,1.5 SKY-D AT Power Sense
Mazda,Mazda3 Hatchback,1.5 SKY-D AT Power Sense Beyaz Deri
Mazda,Mazda3 Hatchback,1.5 SKY-D AT Power Sense Siyah Deri
Mazda,Mazda3 Hatchback,1.5 SKY-D AT Power Siyah Deri
Mazda,Mazda3 Hatchback,1.5 SKY-D AT Reflex
Mazda,Mazda3 Hatchback,1.5 SKY-D Motion
Mazda,Mazda3 Hatchback,1.5 SKY-D Reflex
Mazda,Mazda3 Hatchback,1.5 SKY-G AT Motion
Mazda,Mazda3 Hatchback,1.5 SKY-G AT Power
Mazda,Mazda3 Hatchback,1.5 SKY-G AT Power Beyaz Deri
Mazda,Mazda3 Hatchback,1.5 SKY-G AT Power Sense
Mazda,Mazda3 Hatchback,1.5 SKY-G AT Power Sense Beyaz Deri
Mazda,Mazda3 Hatchback,1.5 SKY-G AT Power Sense Siyah Deri
Mazda,Mazda3 Hatchback,1.5 SKY-G AT Power Siyah Deri
Mazda,Mazda3 Hatchback,1.5 SKY-G AT Reflex
Mazda,Mazda3 Hatchback,1.5 SKY-G Motion
Mazda,Mazda3 Hatchback,1.5 SKY-G Reflex
Mazda,Mazda3 Sedan,1.5 SKY-D AT Motion
Mazda,Mazda3 Sedan,1.5 SKY-D AT Power
Mazda,Mazda3 Sedan,1.5 SKY-D AT Power Beyaz Deri
Mazda,Mazda3 Sedan,1.5 SKY-D AT Power Sense
Mazda,Mazda3 Sedan,1.5 SKY-D AT Power Sense Beyaz Deri
Mazda,Mazda3 Sedan,1.5 SKY-D AT Power Sense Siyah Deri
Mazda,Mazda3 Sedan,1.5 SKY-D AT Power Siyah Deri
Mazda,Mazda3 Sedan,1.5 SKY-D AT Reflex
Mazda,Mazda3 Sedan,1.5 SKY-D Motion
Mazda,Mazda3 Sedan,1.5 SKY-D Reflex
Mazda,Mazda3 Sedan,1.5 SKY-G AT Motion
Mazda,Mazda3 Sedan,1.5 SKY-G AT Power
Mazda,Mazda3 Sedan,1.5 SKY-G AT Power Beyaz Deri
Mazda,Mazda3 Sedan,1.5 SKY-G AT Power Sense
Mazda,Mazda3 Sedan,1.5 SKY-G AT Power Sense Beyaz Deri
Mazda,Mazda3 Sedan,1.5 SKY-G AT Power Sense Siyah Deri
Mazda,Mazda3 Sedan,1.5 SKY-G AT Power Siyah Deri
Mazda,Mazda3 Sedan,1.5 SKY-G AT Reflex
Mazda,Mazda3 Sedan,1.5 SKY-G Motion
Mazda,Mazda3 Sedan,1.5 SKY-G Reflex
Mazda,Mazda3 Sedan,1.5 SKY-G Soul
Mazda,Mazda6,2.0 SKY-G AT Power
Mazda,Mazda6,2.0 SKY-G AT Power Beyaz Deri
Mazda,MX-5,1.5 SKY-G Motion
Mazda,MX-5,1.5 SKY-G Power Sense
Mazda,MX-5,1.5 SKY-G Power Sport
Mazda,MX-5,2.0 SKY-G Power Sport
Mercedes,A 180,1.5 109BG AMG
Mercedes,A 180,1.5 109BG Style
Mercedes,A 180,1.5 109BG Urban
Mercedes,A 180,1.6 122BG Style
Mercedes,A 180,1.6 122BG Urban
Mercedes,A 200,1.6 156BG AMG
Mercedes,A 200,1.6 156BG Urban
Mercedes,A 45 AMG,2.0 381BG Performance 4MATIC
Mercedes,B 180,1.5 109BG AMG
Mercedes,B 180,1.5 109BG Style
Mercedes,B 180,1.5 109BG Urban
Mercedes,B 180,1.6 122BG AMG
Mercedes,B 180,1.6 122BG Style
Mercedes,B 180,1.6 122BG Urban
Mercedes,B 200,1.6 156BG AMG
Mercedes,C 180,1.6 156BG AMG
Mercedes,C 180,1.6 156BG Avantgarde
Mercedes,C 180,1.6 156BG Comfort
Mercedes,C 180,1.6 156BG Exclusive
Mercedes,C 180,1.6 156BG Fascination
Mercedes,C 180,1.6 156BG Style
Mercedes,C 180 Cabriolet,1.6 156BG AMG
Mercedes,C 180 Coupe,1.6 156BG AMG
Mercedes,C 180 Coupe,1.6 156BG Sport
Mercedes,C 180 Estate,1.6 156BG AMG
Mercedes,C 180 Estate,1.6 156BG Avantgarde
Mercedes,C 180 Estate,1.6 156BG Exclusive
Mercedes,C 180 Estate,1.6 156BG Fascination
Mercedes,C 180 Estate,1.6 156BG Style
Mercedes,C 200,1.6 136BG AMG
Mercedes,C 200,1.6 136BG Avantgarde
Mercedes,C 200,1.6 136BG Comfort
Mercedes,C 200,1.6 136BG Exclusive
Mercedes,C 200,1.6 136BG Fascination
Mercedes,C 200,1.6 136BG Style
Mercedes,C 200,2.0 184BG Fascination
Mercedes,C 200 Estate,1.6 136BG AMG
Mercedes,C 200 Estate,1.6 136BG Avantgarde
Mercedes,C 200 Estate,1.6 136BG Exclusive
Mercedes,C 200 Estate,1.6 136BG Fascination
Mercedes,C 200 Estate,1.6 136BG Style
Mercedes,C 220,2.2 170BG Fascination
Mercedes,C 250,2.0 211BG Fascination
Mercedes,C 250,2.2 204BG Fascination
Mercedes,C 300 Cabriolet,2.0 245BG AMG
Mercedes,C 300 Coupe,2.0 245BG AMG
Mercedes,C 63 AMG,4.0 476BG Performance
Mercedes,C 63 AMG S Coupe,4.0 510BG Performance
Mercedes,C 63 S AMG,4.0 510BG Performance
Mercedes,CLA 180,1.5 109BG AMG
Mercedes,CLA 180,1.5 109BG Comfort
Mercedes,CLA 180,1.5 109BG Urban
Mercedes,CLA 200,1.6 156BG AMG
Mercedes,CLA 200,1.6 156BG Comfort
Mercedes,CLA 200,1.6 156BG Urban
Mercedes,CLA 45 AMG,2.0 381BG Performance 4MATIC
Mercedes,CLS 250,2.2 204BG Sport 4MATIC
Mercedes,CLS 350,3.0 258BG AMG 4MATIC
Mercedes,CLS 63 AMG S,5.5 585BG Performance 4MATIC
Mercedes,E 180,1.6 156BG AMG
Mercedes,E 180,1.6 156BG Avantgarde
Mercedes,E 180,1.6 156BG Exclusive
Mercedes,E 220,2.0 194BG AMG 4MATIC
Mercedes,E 220,2.0 194BG Avantgarde 4MATIC
Mercedes,E 220,2.0 194BG Exclusive 4MATIC
Mercedes,E 220 Coupe,2.0 194BG AMG
Mercedes,E 300,2.0 245BG AMG
Mercedes,E 300,2.0 245BG Avantgarde
Mercedes,E 300,2.0 245BG Exclusive
Mercedes,E 300 Coupe,2.0 245BG AMG
Mercedes,E 350,3.0 258BG AMG
Mercedes,E 350,3.0 258BG Avantgarde
Mercedes,E 350,3.0 258BG Exclusive
Mercedes,E 63 AMG,4.0 571BG Performance 4MATIC
Mercedes,E 63 S AMG,4.0 612BG Performance 4MATIC
Mercedes,GLA 180,1.5 109BG AMG
Mercedes,GLA 180,1.5 109BG Urban
Mercedes,GLA 200,1.6 156BG AMG
Mercedes,GLA 200,1.6 156BG Urban
Mercedes,GLA 45 AMG,2.0 381BG Performance 4MATIC
Mercedes,GLC 220,2.2 170BG Style 4MATIC
Mercedes,GLC 250,2.0 211BG AMG 4MATIC
Mercedes,GLC 250,2.0 211BG Exclusive 4MATIC
Mercedes,GLC 250,2.0 211BG Style 4MATIC
Mercedes,GLC 250,2.2 204BG AMG 4MATIC
Mercedes,GLC 250,2.2 204BG Exclusive 4MATIC
Mercedes,GLC 250 Coupe,2.0 211BG AMG 4MATIC
Mercedes,GLC 250 Coupe,2.2 204BG AMG 4MATIC
Mercedes,GLE 250,2.2 204BG Style 4MATIC
Mercedes,GLE 350,3.0 258BG AMG 4MATIC
Mercedes,GLE 350,3.0 258BG Style 4MATIC
Mercedes,GLE 350 Coupe,3.0 258BG AMG 4MATIC
Mercedes,GLE 350 Coupe,3.0 258BG Style 4MATIC
Mercedes,GLE 63 AMG Coupe,5.5 557BG Performance
Mercedes,GLE 63 S AMG Coupe,5.5 585BG Performance
Mercedes,GLS 350,3.0 258BG Power 4MATIC
Mercedes,GLS 500,4.7 455BG Power 4MATIC
Mercedes,GLS 63 AMG,5.5 585BG Performance
Mercedes,GT AMG,4.0 462BG Performance
Mercedes,GT R AMG,4.0 462BG Performance
Mercedes,GT S AMG,4.0 462BG Performance
Mercedes,Maybach S 500,4.7 455BG Maybach
Mercedes,Maybach S 500,4.7 455BG Maybach 4MATIC
Mercedes,Maybach S 600,6.0 530BG Maybach
Mercedes,S 300 Long,2.2 231BG Vizyon
Mercedes,S 350,3.0 258BG Short 4MATIC
Mercedes,S 350 Long,3.0 258BG Vizyon
Mercedes,S 350 Long,3.0 258BG Vizyon 4MATIC
Mercedes,S 400,3.5 306BG Short
Mercedes,S 400 Coupe,3.0 367BG Sport 4MATIC
Mercedes,S 400 Long,3.0 333BG Vizyon 4MATIC
Mercedes,S 400 Long,3.5 306BG Vizyon
Mercedes,S 500 Cabriolet,4.7 455BG AMG
Mercedes,S 500 Coupe,4.7 455BG AMG 4MATIC
Mercedes,S 500 Long,4.7 455BG Vizyon
Mercedes,S 500 Long,4.7 455BG Vizyon 4MATIC
Mercedes,S 600 Long,6.0 530BG Vizyon
Mercedes,S 63 AMG Cabriolet,5.5 585BG Performance 4MATIC
Mercedes,S 63 AMG Coupe,5.5 585BG Performance
Mercedes,S 63 AMG Long,5.5 585BG Vizyon 4MATIC
Mercedes,S 65 AMG Coupe,6.0 630BG Performance 4MATIC
Mercedes,SL 400,3.0 367BG Roadster
Mercedes,SL 63 AMG,5.5 585BG Performance
Mercedes,SLC 180,1.6 156BG AMG
Mercedes,SLC 300,2.0 245BG AMG
Mercedes,SLC 43 AMG,3.0 367BG Performance
Mini,Mini Cooper 3 Kapƒ±,1.5 136 BG Chili
Mini,Mini Cooper 3 Kapƒ±,1.5 136 BG Pepper
Mini,Mini Cooper 3 Kapƒ±,1.5 136 BG T√ºrkiye Paketi
Mini,Mini Cooper 3 Kapƒ± D,1.5 116 BG Chili
Mini,Mini Cooper 3 Kapƒ± D,1.5 116 BG Pepper
Mini,Mini Cooper 3 Kapƒ± D,1.5 116 BG T√ºrkiye Paketi
Mini,Mini Cooper 5 Kapƒ±,1.5 136 BG Chili
Mini,Mini Cooper 5 Kapƒ±,1.5 136 BG Pepper
Mini,Mini Cooper 5 Kapƒ±,1.5 136 BG T√ºrkiye Paketi
Mini,Mini Cooper 5 Kapƒ± D,1.5 116 BG Chili
Mini,Mini Cooper 5 Kapƒ± D,1.5 116 BG Pepper
Mini,Mini Cooper 5 Kapƒ± D,1.5 116 BG T√ºrkiye Paketi
Mini,Mini Cooper Cabrio,1.5 136 BG Premium
Mini,Mini Cooper Cabrio,1.5 136 BG T√ºrkiye Paketi
Mini,Mini Cooper Clubman,1.5 136 BG Chili
Mini,Mini Cooper Clubman,1.5 136 BG Pepper
Mini,Mini Cooper Clubman,1.5 136 BG T√ºrkiye Paketi
Mini,Mini Cooper Countryman All4,1.5 136 BG Chili
Mini,Mini Cooper Countryman All4,1.5 136 BG Pepper
Mini,Mini Cooper Countryman All4,1.5 136 BG T√ºrkiye Paketi
Mini,Mini John Cooper Works,2.0 231 BG T√ºrkiye Paketi
Mitsubishi,ASX,1.6 MT INSTYLE(Dizel)
Mitsubishi,ASX,1.6 MT INTENSE
Mitsubishi,ASX,1.6 MT INTENSE(Dizel)
Mitsubishi,ASX,1.6 MT INVITE
Mitsubishi,Attrage,1.2 CVT INTENSE(NAVƒ∞GASYONLU)
Mitsubishi,Attrage,1.2 MT INTENSE(NAVƒ∞GASYONLU)
Mitsubishi,L200,2.4L 4X2 AT STORM
Mitsubishi,L200,2.4L 4x2 MT STORM
Mitsubishi,L200,2.4L 4X4 AT BLIZZARD
Mitsubishi,L200,2.4L 4X4 AT TORNADO
Mitsubishi,L200,2.4L 4X4 MT STORM
Mitsubishi,L200,2.4L 4X4 MT TORNADO
Mitsubishi,Lancer,1.6 MT INVITE
Mitsubishi,Outlander,2.0 CVT INSTYLE4X4
Mitsubishi,Pajero,3.2 DID INSTYLE AT
Mitsubishi,Space Star,1.2 CVT INTENSE
Nissan,Juke,1.2 DIG-T BLACK EDITION
Nissan,Juke,1.2 DIG-T PLATINUM
Nissan,Juke,1.2 DIG-T PLATINUM PREMIUM PACK
Nissan,Juke,1.2 DIG-T SKY PACK
Nissan,Juke,1.2 DIG-T SPECIAL EDITION
Nissan,Juke,1.2 DIG-T TEKNA
Nissan,Juke,1.2 DIG-T VISIA
Nissan,Juke,1.5 dCi BLACK EDITION
Nissan,Juke,1.5 dCi PLATINUM
Nissan,Juke,1.5 dCi PLATINUM PREMIUM PACK
Nissan,Juke,1.5 dCi SKY PACK
Nissan,Juke,1.5 dCi SPECIAL EDITION
Nissan,Juke,1.5 dCi TEKNA
Nissan,Juke,1.5 dCi VISIA
Nissan,Juke,1.6 BLACK EDITION
Nissan,Juke,1.6 PLATINUM
Nissan,Juke,1.6 PLATINUM PREMIUM PACK
Nissan,Juke,1.6 SKY PACK
Nissan,Juke,1.6 SPECIAL EDITION
Nissan,Juke,1.6 TEKNA
Nissan,Juke,1.6 VISIA
Nissan,Micra,1.2 MATCH
Nissan,Micra,1.2 MATCH
Nissan,Micra,1.2 STREET
Nissan,Micra,1.2 STREET
Nissan,Navara,2.3 dCi 4X2 TEKNA
Nissan,Navara,2.3 dCi 4X2 VISIA
Nissan,Navara,2.3 dCi 4X4 PLATINUM
Nissan,Navara,2.3 dCi 4X4 TEKNA
Nissan,Navara,2.3 dCi 4X4 VISIA
Nissan,Pulsar,1.2 DIG-T N-TEC
Nissan,Pulsar,1.2 DIG-T TEKNA
Nissan,Pulsar,1.2 DIG-T VISIA
Nissan,Pulsar,1.2 DIG-T VISIA
Nissan,Pulsar,1.5 dCi N-TEC
Nissan,Pulsar,1.5 dCi TEKNA
Nissan,Pulsar,1.5 dCi VISIA
Nissan,Qashqai,1.2 DIG-T BLACK EDITION
Nissan,Qashqai,1.2 DIG-T BLACK EDITION
Nissan,Qashqai,1.2 DIG-T PLATINUM PREMIUM PACK
Nissan,Qashqai,1.2 DIG-T SKY PACK
Nissan,Qashqai,1.2 DIG-T SKY PACK
Nissan,Qashqai,1.2 DIG-T TEKNA
Nissan,Qashqai,1.2 DIG-T TEKNA
Nissan,Qashqai,1.2 DIG-T VISIA
Nissan,Qashqai,1.2 DIG-T VISIA
Nissan,Qashqai,1.5 dCi BLACK EDITION
Nissan,Qashqai,1.5 dCi PLATINUM PREMIUM PACK
Nissan,Qashqai,1.5 dCi SKY PACK
Nissan,Qashqai,1.5 dCi TEKNA
Nissan,Qashqai,1.5 dCi VISIA
Nissan,Qashqai,1.6 dCi BLACK EDITION
Nissan,Qashqai,1.6 dCi PLATINUM PREMIUM PACK
Nissan,Qashqai,1.6 dCi SKY PACK
Nissan,Qashqai,1.6 dCi TEKNA
Nissan,Qashqai,1.6 dCi VISIA
Nissan,X-Trail,1.6 dCi BLACK EDITION
Nissan,X-Trail,1.6 dCi BLACK EDITION
Nissan,X-Trail,1.6 dCi DESIGN PACK
Nissan,X-Trail,1.6 dCi DESIGN PACK
Nissan,X-Trail,1.6 dCi DESIGN PACK ALL MODE 4X4-i
Nissan,X-Trail,1.6 dCi PLATINUM PREMIUM PACK
Nissan,X-Trail,1.6 dCi PLATINUM PREMIUM PACK
Nissan,X-Trail,1.6 dCi SKY PACK
Nissan,X-Trail,1.6 dCi SKY PACK
Nissan,X-Trail,1.6 dCi VISIA
Opel,Adam,1.2 lt  XEL 70 HP MT5 JAM
Opel,Adam,1.4 lt.  XEL 87 HP MTA GLAM
Opel,Adam,1.4 lt.  XEL 87 HP MTA JAM
Opel,Adam,1.4 lt.  XEL 87 HP MTA ROCKS
Opel,Adam,1.4 lt.  XEL 87 HP MTA SLAM
Opel,Adam,1.4 lt. NEH TURBO 150 HP - MT6 Adam S
Opel,Astra HB,1.4 Benzinli 100 HP MT5 Enjoy
Opel,Astra HB,1.4 Benzinli 150 HP AT6 S&S Dynamic
Opel,Astra HB,1.4 Benzinli 150 HP AT6 S&S Enjoy
Opel,Astra HB,1.4 Benzinli 150 HP AT6 S&S Excellence
Opel,Astra HB,1.4 Benzinli 150 HP AT6 S&S OPC Line Sport
Opel,Astra HB,1.4 Benzinli 150 HP MT6 Dynamic
Opel,Astra HB,1.4 Benzinli 150 HP MT6 Excellence
Opel,Astra HB,1.6 Benzinli 200 HP AT6 S&S OPC Line Sport
Opel,Astra HB,1.6 Dizel 110 HP MT6 Design
Opel,Astra HB,1.6 Dizel 110 HP MT6 Enjoy
Opel,Astra HB,1.6 Dizel 136 HP AT6 Design
Opel,Astra HB,1.6 Dizel 136 HP AT6 Dynamic
Opel,Astra HB,1.6 Dizel 136 HP AT6 Enjoy
Opel,Astra HB,1.6 Dizel 136 HP AT6 Excellence
Opel,Astra HB,1.6 Dizel 136 HP AT6 OPC Line Sport
Opel,Astra HB,1.6 Dizel 136 HP MT6 S&S Dynamic
Opel,Astra HB,1.6 Dizel 136 HP MT6 S&S Excellence
Opel,Astra Sedan,1.4 Benzinli 140 HP AT Design
Opel,Astra Sedan,1.4 Benzinli 140 HP AT Edition Plus
Opel,Astra Sedan,1.4 Benzinli 140 HP AT Sport
Opel,Astra Sedan,1.4 Benzinli 140 HP MT Sport
Opel,Astra Sedan,1.6 Benzinli 115 HP MT Edition
Opel,Astra Sedan,1.6 Benzinli 115 HP MT Edition Plus
Opel,Astra Sedan,1.6 Dizel 110 HP MT S&S Design
Opel,Astra Sedan,1.6 Dizel 136 HP AT Design
Opel,Astra Sedan,1.6 Dizel 136 HP AT Elite
Opel,Astra Sedan,1.6 Dizel 136 HP AT Sport
Opel,Astra Sedan,1.6 Dizel 136 HP MT S&S Elite
Opel,Astra Sedan,1.6 Dizel 136 HP MT S&S Sport
Opel,Astra Sports Tourer,1.4 Benzinli 150 HP AT6 S&S Dynamic
Opel,Astra Sports Tourer,1.4 Benzinli 150 HP AT6 S&S Excellence
Opel,Astra Sports Tourer,1.6 Dizel 136 HP AT6 Dynamic
Opel,Astra Sports Tourer,1.6 Dizel 136 HP AT6 Excellence
Opel,Cascada,1.6 XHT 170 HP AT6 Cosmo
Opel,Corsa 5 Kapƒ±,1.2 70 HP MT-5 Design
Opel,Corsa 5 Kapƒ±,1.2 70 HP MT-5 Enjoy
Opel,Corsa 5 Kapƒ±,1.2 70 HP MT-5 Essentia
Opel,Corsa 5 Kapƒ±,1.3 CDTI 75HP Design
Opel,Corsa 5 Kapƒ±,1.3 CDTI 75HP Enjoy 
Opel,Corsa 5 Kapƒ±,1.3 CDTI 75HP Essentia 
Opel,Corsa 5 Kapƒ±,1.3 CDTI 95HP MT-A Easytronic ≈ûanzƒ±man Start & Stop Design
Opel,Corsa 5 Kapƒ±,1.3 CDTI 95HP MT-A Easytronic ≈ûanzƒ±man Start & Stop Enjoy 
Opel,Corsa 5 Kapƒ±,1.3 CDTI 95HP MT-A Easytronic ≈ûanzƒ±man Start & Stop Essentia 
Opel,Corsa 5 Kapƒ±,1.4 90 HP Otomatik ≈ûanzƒ±man AT-6 Color Edition
Opel,Corsa 5 Kapƒ±,1.4 90 HP Otomatik ≈ûanzƒ±man AT-6 Design
Opel,Corsa 5 Kapƒ±,1.4 90 HP Otomatik ≈ûanzƒ±man AT-6 Enjoy
Opel,Corsa 5 Kapƒ±,1.4 90 HP Otomatik ≈ûanzƒ±man AT-6 Essentia
Opel,Insignia Country Tourer,1.6 Dizel 136HP AT6 Cosmo
Opel,Insignia Country Tourer,2.0 Dizel 170HP AT6 4x4 Cosmo
Opel,Insignia Sedan,1.6 Benzinli 170HP AT6  Edition  Elegance
Opel,Insignia Sedan,1.6 Dizel 136HP AT6 Cosmo
Opel,Insignia Sedan,1.6 Dizel 136HP AT6 Design
Opel,Insignia Sedan,1.6 Dizel 136HP AT6 Edition  Elegance
Opel,Insignia Sedan,1.6 Dizel 136HP AT6 Elite
Opel,Insignia Sedan,1.6 Dizel 136HP AT6 Sport
Opel,Insignia Sedan,1.6 Dizel 136HP MT6 S&S Cosmo
Opel,Insignia Sedan,1.6 Dizel 136HP MT6 S&S Edition  Elegance
Opel,Insignia Sedan,1.6 Dizel 136HP MT6 S&S Sport
Opel,Insignia Sedan,2.0 Dizel 170HP AT6 4x2 Cosmo
Opel,Insignia Sedan,2.0 Dizel 170HP AT6 4x4 Cosmo
Opel,Insignia Sports Tourer,1.6 Dizel 136HP AT6 Cosmo
Opel,Mokka X,1.4 140 AT FWD - Benzinli Enjoy
Opel,Mokka X,1.4 140 AT FWD Color Edition - Benzinli 
Opel,Mokka X,1.4 140 AT FWD Design - Benzinli Design
Opel,Mokka X,1.4 140 AT FWD Excellence - Benzinli 
Opel,Mokka X,1.4 140 HP MT AWD Color Edition - Benzinli 
Opel,Mokka X,1.4 140 HP MT AWD Excellence - Benzinli 
Opel,Mokka X,1.4 140 MT FWD  Start&Stop - Benzinli Enjoy
Opel,Mokka X,1.4 140 MT FWD Color Edition Start&Stop - Benzinli 
Opel,Mokka X,1.4 140 MT FWD Excellence Start&Stop - Benzinli 
Opel,Mokka X,1.4 152 HP AT AWD Color Edition - Benzinli 
Opel,Mokka X,1.4 152 HP AT AWD Excellence-Benzinli 
Opel,Mokka X,1.6 115 FWD  Start&Stop - Benzinli Enjoy
Opel,Mokka X,1.6 136 HP AT FWD - Dizel Enjoy
Opel,Mokka X,1.6 136 HP AT FWD Color Edition - Dizel 
Opel,Mokka X,1.6 136 HP AT FWD Design - Dizel Design
Opel,Mokka X,1.6 136 HP AT FWD Excellence - Dizel 
Opel,Mokka X,1.6 136 HP MT AWD Color Edition - Dizel 
Opel,Mokka X,1.6 136 HP MT AWD Excellence - Dizel 
Opel,Mokka X,1.6 136 HP MT FWD - Dizel Enjoy
Opel,Mokka X,1.6 136 HP MT FWD Color Edition - Dizel 
Opel,Mokka X,1.6 136 HP MT FWD Design - Dizel Design
Opel,Mokka X,1.6 136 HP MT FWD Excellence - Dizel 
Peugeot,208,1.2 PureTech 110 hp EAT6 Tam Otomatik S&S GT LINE
Peugeot,208,1.2 PureTech 110hp EAT6 Tam Otomatik S&S ACTIVE
Peugeot,208,1.2 PureTech 110hp EAT6 Tam Otomatik S&S ALLURE
Peugeot,208,1.2 PureTech 82 hp ACCESS
Peugeot,208,1.2 PureTech 82 hp ACTIVE
Peugeot,208,1.2 PureTech 82hp ETG5 Otomatik S&S (1) ACCESS
Peugeot,208,1.2 PureTech 82hp ETG5 Otomatik S&S (1) ACTIVE
Peugeot,208,1.6 BlueHdi 100hp ETG6 Otomatik S&S (1) ACTIVE
Peugeot,208,1.6 HDi 92 hp (1) ACCESS
Peugeot,208,1.6 HDi 92 hp (1) ACTIVE
Peugeot,301,1.2 PureTech 82hp Euro6 ACCESS
Peugeot,301,1.2 PureTech 82hp Euro6 ACTIVE
Peugeot,301,1.6 HDi 92hp ACCESS
Peugeot,301,1.6 HDi 92hp ACTIVE
Peugeot,301,1.6 HDi 92hp ALLURE
Peugeot,308,1.2 PureTech 130hp ACTIVE
Peugeot,308,1.2 PureTech 130hp ALLURE
Peugeot,308,1.2 PureTech 130hp EAT6 Tam Otomatik S&S ACTIVE
Peugeot,308,1.2 PureTech 130hp EAT6 Tam Otomatik S&S ALLURE
Peugeot,308,1.2 PureTech 82hp ACCESS
Peugeot,308,1.2 PureTech 82hp ACTIVE
Peugeot,308,1.6 BlueHDi 120 hp EAT6 Tam Otomatik S&S ACTIVE
Peugeot,308,1.6 BlueHDi 120 hp EAT6 Tam Otomatik S&S ALLURE
Peugeot,308,1.6 BlueHDi 120 hp EAT6 Tam Otomatik S&S STYLE
Peugeot,308,1.6 e-HDi 115hp S&S ACTIVE
Peugeot,308,1.6 e-HDi 115hp S&S ALLURE
Peugeot,308,1.6 HDi 92hp ACCESS
Peugeot,308,1.6 HDi 92hp ACTIVE
Peugeot,508,1.6 BlueHDI 120 HP EAT6 Tam Otomatik S&S ACTIVE
Peugeot,508,1.6 BlueHDI 120 HP EAT6 Tam Otomatik S&S ALLURE
Peugeot,508,1.6 BlueHDI 120 HP EAT6 Tam Otomatik S&S BUSINESS
Peugeot,508,1.6 BlueHDI 120 HP S&S ACTIVE
Peugeot,508,1.6 BlueHDI 120 HP S&S BUSINESS
Peugeot,508,1.6 THP 165hp EAT6 Tam Otomatik S&S ACTIVE
Peugeot,508,1.6 THP 165hp EAT6 Tam Otomatik S&S ALLURE
Peugeot,508,2.0 BlueHDi 180hp EAT6 Tam Otomatik S&S GT
Peugeot,2008,1.2 PureTech 110hp EAT6 Tam Otomatik S&S ACTIVE
Peugeot,2008,1.2 PureTech 110hp EAT6 Tam Otomatik S&S ALLURE
Peugeot,2008,1.2 PureTech 110hp EAT6 Tam Otomatik S&S GT-LINE
Peugeot,2008,1.6 BlueHDi 100hp ETG6 Otomatik S&S (1) ACTIVE
Peugeot,2008,1.6 BlueHdi 100hp ETG6 Otomatik S&S (1) ALLURE
Peugeot,2008,1.6 e-HDi 92hp (1) ACTIVE
Peugeot,2008,1.6 e-HDi 92hp (1) ALLURE
Peugeot,2008,1.6 e-HDi 92hp ETG6 Otomatik S&S (1) ACTIVE
Peugeot,2008,1.6 e-HDi 92hp ETG6 Otomatik S&S (1) ALLURE
Peugeot,3008,1.2 PureTech 130hp ACCESS
Peugeot,3008,1.2 PureTech 130hp ACTIVE
Peugeot,3008,1.2 PureTech 130hp EAT6 ACCESS
Peugeot,3008,1.2 PureTech 130hp EAT6 ACTIVE
Peugeot,3008,1.2 PureTech 130hp EAT6 ALLURE
Peugeot,3008,1.2 PureTech 130hp EAT6 Elegance Pack ALLURE
Peugeot,3008,1.6 BlueHDi 120hp ACTIVE
Peugeot,3008,1.6 BlueHDi 120hp EAT6 ACTIVE
Peugeot,3008,1.6 BlueHDi 120hp EAT6 ALLURE
Peugeot,3008,1.6 BlueHDi 120hp EAT6 Elegance Pack ALLURE
Peugeot,3008,1.6 BlueHdi 120hp EAT6 GT-Line
Peugeot,3008,1.6 THP 165hp EAT6 GT-Line
Peugeot,5008,1.6 BlueHDi 120hp EAT6 Tam Otomatik S&S ALLURE
Peugeot,208 GTi,1.6 THP 208hp by Peugeot Sport (1) 
Peugeot,308 GTi,1.6 THP 270hp S&S by Peugeot Sport 
Peugeot,Partner Tepee Binek,1.6 BlueHDi 120hp S&S ACTIVE
Renault,Captur,1.0 90 bg Stop & Start Icon Turbo
Renault,Captur,1.0 90 bg Stop & Start Touch Turbo
Renault,Captur,1.2 Turbo EDC 120 bg Icon
Renault,Captur,1.2 Turbo EDC 120 bg Outdoor
Renault,Captur,1.2 Turbo EDC 120 bg Touch
Renault,Captur,1.5 dCi 90 bg Stop & Start Icon
Renault,Captur,1.5 dCi 90 bg Stop & Start Outdoor
Renault,Captur,1.5 dCi 90 bg Stop & Start Touch
Renault,Captur,1.5 dCi EDC 90 bg Icon
Renault,Captur,1.5 dCi EDC 90 bg Outdoor
Renault,Captur,1.5 dCi EDC 90 bg Touch
Renault,Clio,1.2 120 bg GT Line
Renault,Clio,1.2 120 bg Icon
Renault,Clio,1.2 75 bg Icon
Renault,Clio,1.2 75 bg Joy
Renault,Clio,1.2 EDC 120 bg GT Line
Renault,Clio,1.2 EDC 120 bg Icon
Renault,Clio,1.2 EDC 120 bg Joy
Renault,Clio,1.5 dCi 75 bg Joy
Renault,Clio,1.5 dCi 90 bg GT Line
Renault,Clio,1.5 dCi 90 bg Icon
Renault,Clio,1.5 dCi EDC 90 bg GT Line
Renault,Clio,1.5 dCi EDC 90 bg Icon
Renault,Clio Sport Tourer,1.2 75bg Joy
Renault,Clio Sport Tourer,1.2 Turbo EDC 120 bg Icon
Renault,Clio Sport Tourer,1.5 dCi 75 bg Joy
Renault,Clio Sport Tourer,1.5 dCi 90 bg Icon
Renault,Clio Sport Tourer,1.5 dCi EDC 90 bg Icon
Renault,Kadjar,1.2 TCe EDC 130 bg Icon
Renault,Kadjar,1.2 TCe EDC 130 bg Touch
Renault,Kadjar,1.2 Turbo 130 bg Touch
Renault,Kadjar,1.5 dCi 110 bg Icon
Renault,Kadjar,1.5 dCi 110 bg Touch
Renault,Kadjar,1.5 dCi EDC 110 bg Icon
Renault,Kadjar,1.5 dCi EDC 110 bg Touch
Renault,Kadjar,1.6 dCi 130 bg 4x4 Icon
Renault,Megane HB,1.2 Tce 130 bg Icon
Renault,Megane HB,1.2 Tce 130 bg Touch
Renault,Megane HB,1.2 Tce EDC 130 bg Icon
Renault,Megane HB,1.2 Tce EDC 130 bg Touch
Renault,Megane HB,1.5 dCi 110 bg Icon
Renault,Megane HB,1.5 dCi 110 bg Touch
Renault,Megane HB,1.5 dCi 90 bg Joy
Renault,Megane HB,1.5 dCi EDC 110 bg GT Line
Renault,Megane HB,1.5 dCi EDC 110 bg Icon
Renault,Megane HB,1.5 dCi EDC 110 bg Joy
Renault,Megane HB,1.5 dCi EDC 110 bg Touch
Renault,Megane HB,1.6 16V 115 bg Joy
Renault,Megane HB,1.6 dCi 130 bg GT Line
Renault,Megane Sedan,1.2 Tce EDC 130 bg Icon
Renault,Megane Sedan,1.2 Tce EDC 130 bg Touch
Renault,Megane Sedan,1.5 dCi 110 bg Icon
Renault,Megane Sedan,1.5 dCi 110 bg Touch
Renault,Megane Sedan,1.5 dCi 90 bg Joy
Renault,Megane Sedan,1.5 dCi EDC 110 bg Icon
Renault,Megane Sedan,1.5 dCi EDC 110 bg Joy
Renault,Megane Sedan,1.5 dCi EDC 110 bg Touch
Renault,Megane Sedan,1.6 16V 115 bg Joy
Renault,Megane Sedan,1.6 dCi 130 bg Icon
Renault,Symbol,1.5 dCi 75 bg Joy
Renault,Symbol,1.5 dCi 90bg Easy-R Touch
Renault,Symbol,1.5 dCi 90bg Joy
Renault,Symbol,1.5 dCi 90bg Touch
Renault,Talisman,1.5 dCi 110 bg Touch
Renault,Talisman,1.5 dCi EDC 110 bg Icon
Renault,Talisman,1.5 dCi EDC 110 bg Touch
Renault,Talisman,1.6 dCi 130 bg Touch
Renault,Talisman,1.6 dCi EDC 130 bg Icon
Renault,Talisman,1.6 dCi EDC 130 bg Touch
Renault,Talisman,1.6 dCi EDC 160 bg Icon
Seat,Alhambra,1.4 TSI 150 HP DSG S&S Style
Seat,Ateca,1.4 EcoTSI ACT 150 hp 4Drive DSG S&S Xcellence
Seat,Ateca,1.4 EcoTSI ACT 150 hp DSG S&S Style
Seat,Ateca,1.4 EcoTSI ACT 150 hp DSG S&S Xcellence
Seat,Ateca,1.4 EcoTSI ACT 150 hp S&S Style
Seat,Ateca,1.4 EcoTSI ACT 150 hp S&S Xcellence
Seat,Ateca,1.6 TDI 115 hp S&S Ecomotive Style
Seat,Ateca,2.0 TDI 190 hp 4Drive DSG S&S Xcellence
Seat,Ibiza,1.0 75 HP Reference
Seat,Ibiza,1.0 EcoTSI 110 HP DSG S&S Style
Seat,Ibiza,1.2 TSI 90 HP Reference
Seat,Ibiza,1.2 TSI 90 HP Style
Seat,Leon,1.0 EcoTSI 115 HP DSG S&S Ecomotive Style
Seat,Leon,1.2 TSI 110 HP S&S Style
Seat,Leon,1.4 EcoTSI ACT 150 HP DSG S&S FR
Seat,Leon,1.4 EcoTSI ACT 150 HP DSG S&S XCELLENCE
Seat,Leon,1.4 TSI 125 HP S&S FR
Seat,Leon,1.4 TSI 150 HP DSG FR
Seat,Leon,1.4 TSI 150 HP DSG XCELLENCE
Seat,Leon,1.6 ST TDI 115 HP DSG S&S Style
Seat,Leon,1.6 TDI 115 HP DSG S&S Style
Seat,Leon,1.6 TDI 115 HP S&S Style
Seat,Leon,2.0 TSI 300 HP DSG S&S CUPRA
Seat,Toledo,1.2 TSI 110 HP S&S Style
Seat,Toledo,1.4 TDI 90 HP DSG S&S Style
Seat,Toledo,1.4 TDI 90 HP S&S Style
Seat,Toledo,1.4 TSI 125 HP DSG S&S Style
Skoda,Fabia,1.0 75 PS Green Tec Ambition
Skoda,Fabia,1.2 TSI 110 PS DSG Green Tec Ambition
Skoda,Fabia,1.2 TSI 110 PS DSG Green Tec Style
Skoda,Fabia,1.2 TSI 90 PS Green Tec Ambition
Skoda,Fabia,1.2 TSI 90 PS Green Tec Style
Skoda,Fabia,1.4 TDI CR 90 PS DSG Green Tec Style
Skoda,Octavia,1.0 TSI 115 PS Green Tec Ambition
Skoda,Octavia,1.0 TSI 115 PS Green Tec Ambition
Skoda,Octavia,1.0 TSI 115 PS Green Tec DSG Optimal
Skoda,Octavia,1.0 TSI 115 PS Green Tec DSG Optimal
Skoda,Octavia,1.0 TSI 115 PS Green Tec DSG Style
Skoda,Octavia,1.0 TSI 115 PS Green Tec DSG Style
Skoda,Octavia,1.0 TSI 115 PS Green Tec Optimal
Skoda,Octavia,1.0 TSI 115 PS Green Tec Optimal
Skoda,Octavia,1.4 TSI 150 PS DSG Green Tec Style
Skoda,Octavia,1.4 TSI 150 PS DSG Green Tec Style
Skoda,Octavia,1.6 TDI CR 110 PS DSG Green Tec Ambition
Skoda,Octavia,1.6 TDI CR 110 PS DSG Green Tec Optimal
Skoda,Octavia,1.6 TDI CR 110 PS DSG Green Tec Style
Skoda,Octavia,1.6 TDI CR 110 PS Green Tec Ambition
Skoda,Octavia,1.6 TDI CR 110 PS Green Tec Optimal
Skoda,Octavia,1.6 TDI CR 110 PS Green Tec Style
Skoda,Octavia,1.6 TDI CR 115 PS DSG Green Tec Ambition
Skoda,Octavia,1.6 TDI CR 115 PS DSG Green Tec Optimal
Skoda,Octavia,1.6 TDI CR 115 PS DSG Green Tec Style
Skoda,Octavia,1.6 TDI CR 115 PS Green Tec Ambition
Skoda,Octavia,1.6 TDI CR 115 PS Green Tec Optimal
Skoda,Octavia,1.6 TDI CR 115 PS Green Tec Style
Skoda,Octavia Combi,1.6 TDI CR 110 PS DSG Green Tec Style
Skoda,Octavia Combi,1.6 TDI CR 110 PS Green Tec Style
Skoda,Octavia Combi,1.6 TDI CR 115 PS DSG Green Tec Style
Skoda,Octavia Combi,1.6 TDI CR 115 PS Green Tec Style
Skoda,Rapid,1.2 TSI 110 PS Green Tec  Style
Skoda,Rapid,1.2 TSI 90 PS Green Tec  Ambition
Skoda,Rapid,1.2 TSI 90 PS Green Tec DSG Style
Skoda,Rapid,1.4 TDI CR 90 PS Green Tec Ambition
Skoda,Rapid,1.4 TDI CR 90 PS Green Tec DSG Ambition
Skoda,Rapid,1.4 TDI CR 90 PS Green Tec DSG Style
Skoda,Rapid,1.4 TSI 125 PS Green Tec DSG Style
Skoda,Rapid,1.6 TDI CR 115 PS Green Tec Style
Skoda,Rapid Spaceback,1.2 TSI 110 PS Green Tec  Style
Skoda,Rapid Spaceback,1.2 TSI 90 PS Green Tec  Ambition
Skoda,Rapid Spaceback,1.2 TSI 90 PS Green Tec DSG Ambition
Skoda,Rapid Spaceback,1.2 TSI 90 PS Green Tec DSG Monte Carlo
Skoda,Rapid Spaceback,1.2 TSI 90 PS Green Tec DSG Style
Skoda,Rapid Spaceback,1.4 TDI CR 90 PS Green Tec Ambition
Skoda,Rapid Spaceback,1.4 TDI CR 90 PS Green Tec DSG Monte Carlo
Skoda,Rapid Spaceback,1.4 TDI CR 90 PS Green Tec DSG Style
Skoda,Rapid Spaceback,1.4 TSI 125 PS Green Tec DSG Style
Skoda,Rapid Spaceback,1.6 TDI CR 115 PS Green Tec Style
Skoda,Superb,1.4 TSI 125 PS Green Tec Active
Skoda,Superb,1.4 TSI 150 PS ACT Green Tec Style
Skoda,Superb,1.4 TSI 150 PS DSG ACT Green Tec Prestige
Skoda,Superb,1.4 TSI 150 PS DSG ACT Green Tec Style
Skoda,Superb,1.6 TDI CR 120 PS DSG Green Tec Active
Skoda,Superb,1.6 TDI CR 120 PS DSG Green Tec Prestige
Skoda,Superb,1.6 TDI CR 120 PS DSG Green Tec Style
Skoda,Superb,1.6 TDI CR 120 PS Green Tec Active
Skoda,Superb,1.6 TDI CR 120 PS Green Tec Style
Skoda,Superb,2.0 TDI CR SCR 190 PS 4x4 DSG Green Tec L&K
Skoda,Superb,2.0 TDI CR SCR 190 PS 4X4 DSG Green Tec Prestige
Skoda,Superb,2.0 TDI CR SCR 190 PS DSG Green Tec Prestige
Skoda,Superb,2.0 TSI 280 PS 4X4 DSG Green Tec Prestige
Skoda,Yeti,1.2 TSI 110 PS Green Tec Active
Skoda,Yeti,1.4 TSI 125 PS DSG Green Tec Ambition
Smart,Forfour,1.0 71 BG
Smart,Forfour Turbo,1.0 90 BG
Smart,Fortwo Cabrio Turbo,1.0 90 BG
Smart,Fortwo Coupe,1.0 71 BG
Ssangyong,Korando Sports,2.0 4x2 AT Full
Ssangyong,Korando Sports,2.0 4x2 AT Full (Uzun Kasa)
Ssangyong,Korando Sports,2.0 4x2 MT Full
Ssangyong,Korando Sports,2.0 4x2 MT Full (Uzun Kasa)
Ssangyong,Korando Sports,2.0 4x4 AT Full (Uzun Kasa)
Ssangyong,Korando Sports,2.0 4x4 MT Full (Uzun Kasa)
Ssangyong,Rexton W,2.0 4x2 AT Full
Ssangyong,Rexton W,2.0 4x2 MT Full
Ssangyong,Rexton W,2.0 4x4 AT Full¬†
Ssangyong,Rodius,2.0 4x2 AT Full
Ssangyong,Tivoli,1.6 4x2 AT¬†Full¬†
Ssangyong,Tivoli,1.6 4x2 AT¬†Full¬†
Ssangyong,Tivoli,1.6 4x2 MT¬†Full¬†
Ssangyong,Tivoli,1.6 4x2 MT¬†Full¬†
Ssangyong,XLV,1.6 4x2 AT Full¬†
Ssangyong,XLV,1.6 4x2 AT Full¬†
Ssangyong,XLV,1.6 4x2 MT Full¬†
Subaru,BRZ,2.0R Premium 6 AT
Subaru,BRZ,2.0R Premium 6 MT
Subaru,Forester,2.0D Elegance Dizel
Subaru,Forester,2.0D Premium Dizel
Subaru,Forester,2.0D Sport Dizel
Subaru,Forester,2.0i Elegance Benzinli
Subaru,Forester,2.0i Premium Benzinli
Subaru,Forester,2.0XT Adventure Turbo Benzinli
Subaru,Levorg,1.6i GT-S Sport Plus Eyesight
Subaru,Outback,2.0D Limited Dizel EyeSight
Subaru,XV,1.6i Elegance
Subaru,XV,1.6i Premium
Suzuki,Baleno,1.2 GL AT 90 HP
Suzuki,Baleno,1.2 GL MT 90 HP
Suzuki,Jimny,1.3 JLX Benzinli 4x4 AT 85 HP
Suzuki,Jimny,1.3 Style Benzinli 4x4 AT 85 HP
Suzuki,Swift,1.2 GL AT 94 HP
Suzuki,Swift,1.2 GL MT 94 HP
Suzuki,Vitara,1.4 S Benzinli 4X2 AT (√áift Renk) 140 HP
Suzuki,Vitara,1.4 S Benzinli 4X2 AT (Tek Renk) 140 HP
Suzuki,Vitara,1.4 S Benzinli 4X4 AT (√áift Renk) 140 HP
Suzuki,Vitara,1.4 S Benzinli 4X4 AT (Tek Renk) 140 HP
Suzuki,Vitara,1.6 GL+ Benzinli 4x2 AT (√áift Renk) 120 HP
Suzuki,Vitara,1.6 GL+ Benzinli 4x2 AT (Tek Renk) 120 HP
Suzuki,Vitara,1.6 GL+ Benzinli 4X4 AT (√áift Renk) 120 HP
Suzuki,Vitara,1.6 GL+ Benzinli 4X4 AT (Tek Renk) 120 HP
Suzuki,Vitara,1.6 GLX Benzinli 4X2 AT (√áift Renk) 120 HP
Suzuki,Vitara,1.6 GLX Benzinli 4X2 AT (Tek Renk) 120 HP
Suzuki,Vitara,1.6 GLX Benzinli 4X4 AT (√áift Renk) 120 HP
Suzuki,Vitara,1.6 GLX Benzinli 4X4 AT (Tek Renk) 120 HP
Toyota,Auris,1.33 Life
Toyota,Auris,1.4 D-4D Active
Toyota,Auris,1.4 D-4D Active Skypack
Toyota,Auris,1.4 D-4D Advance
Toyota,Auris,1.4 D-4D Advance Skypack
Toyota,Auris,1.4 D-4D Premium
Toyota,Auris,1.4 D-4D Premium Navi
Toyota,Auris,1.6 Active
Toyota,Auris,1.6 Active Multidrive S
Toyota,Auris,1.6 Active Skypack Multidrive S
Toyota,Auris,1.6 Advance
Toyota,Auris,1.6 Advance Multidrive S
Toyota,Auris,1.6 Advance Skypack Multidrive S
Toyota,Auris,1.6 Premium Multidrive S
Toyota,Auris,1.6 Premium Multidrive S Navi
Toyota,Auris Touring Sports,1.4 D-4D Advance
Toyota,Auris Touring Sports,1.4 D-4D Advance Skypack
Toyota,Auris Touring Sports,1.4 D-4D Premium
Toyota,Auris Touring Sports,1.4 D-4D Premium Navi
Toyota,Auris Touring Sports,1.6 Advance Multidrive S
Toyota,Auris Touring Sports,1.6 Advance Skypack Multidrive S
Toyota,Auris Touring Sports,1.6 Premium Multidrive S
Toyota,Avensis,1.6 Advance
Toyota,Avensis,1.6 D-4D Advance
Toyota,Avensis,1.6 D-4D Premium
Toyota,Avensis,1.6 D-4D Premium Plus
Toyota,Avensis,1.6 Premium
Toyota,Avensis,1.8 Premium Multidrive S
Toyota,Avensis,2.0 D-4D Premium Plus
Toyota,Avensis,2.0 Premium Multidrive S
Toyota,Avensis,2.0 Premium Multidrive S Touring Sports
Toyota,Avensis,2.0 Premium Plus Multidrive S
Toyota,Avensis,2.0 Premium Plus Multidrive S Touring Sports
Toyota,C-HR,1.2 Turbo Advance 4x2
Toyota,C-HR,1.2 Turbo Advance 4x2 Multidrive S
Toyota,C-HR,1.2 Turbo Diamond 4x2
Toyota,C-HR,1.2 Turbo Diamond 4x2 Multidrive S
Toyota,C-HR,1.2 Turbo Diamond 4x4 Multidrive S
Toyota,C-HR,1.2 Turbo Dynamic 4x2
Toyota,C-HR,1.2 Turbo Dynamic 4X4 Multidrive S
Toyota,C-HR,1.2 Turbo Dynamic Multidrive S 4x2
Toyota,C-HR,1.8 Hybrid Advance 4x2 e-CVT
Toyota,C-HR,1.8 Hybrid Diamond 4x2 e-CVT
Toyota,C-HR,1.8 Hybrid Dynamic 4x2 e-CVT
Toyota,Corolla,1.33 Life
Toyota,Corolla,1.4 D-4D Active
Toyota,Corolla,1.4 D-4D Active M/M
Toyota,Corolla,1.4 D-4D Advance
Toyota,Corolla,1.4 D-4D Advance M/M 
Toyota,Corolla,1.4 D-4D Life
Toyota,Corolla,1.4 D-4D Premium 50.Yƒ±l
Toyota,Corolla,1.4 D-4D Premium 50.Yƒ±l M/M
Toyota,Corolla,1.4 D-4D Premium 50.Yƒ±l M/M (17'' jant ile)
Toyota,Corolla,1.4 D-4D Premium 50.Yƒ±l M/M Navi
Toyota,Corolla,1.4 D-4D Premium 50.Yƒ±l Navi
Toyota,Corolla,1.4 D-4D Premium 50.Yƒ±ll (17'' jant ile)
Toyota,Corolla,1.4 D-4D Touch
Toyota,Corolla,1.4 D-4D Touch M/M
Toyota,Corolla,1.6 Active
Toyota,Corolla,1.6 Active Multidrive S
Toyota,Corolla,1.6 Advance
Toyota,Corolla,1.6 Advance Multidrive S
Toyota,Corolla,1.6 Premium 50.Yƒ±l
Toyota,Corolla,1.6 Premium 50.Yƒ±l (17'' jant ile)
Toyota,Corolla,1.6 Premium 50.Yƒ±l Multidrive S
Toyota,Corolla,1.6 Premium 50.Yƒ±l Multidrive S (17'' jant ile)
Toyota,Corolla,1.6 Premium 50.Yƒ±l Multidrive S Navi
Toyota,Corolla,1.6 Premium 50.Yƒ±l Navi
Toyota,Corolla,1.6 Premium Multidrive S
Toyota,Corolla,1.6 Touch
Toyota,Corolla,1.6 Touch Multidrive S
Toyota,Hilux,2.4L 4x2 Active
Toyota,Hilux,2.4L 4x2 Adventure
Toyota,Hilux,2.4L 4x2 Adventure A/T
Toyota,Hilux,2.4L 4x4 Active
Toyota,Hilux,2.4L 4x4 Adventure
Toyota,Hilux,2.8L 4x4 Hi-Cruiser A/T (yeni*)
Toyota,Land Cruiser Prado,2.8 D-4D
Toyota,Prius,1.8L Hybrid Advance
Toyota,Prius,1.8L Hybrid Premium
Toyota,Rav4,2.5 Hybrid Advance 4x4
Toyota,Rav4,2.5 Hybrid Premium 4x4
Toyota,Rav4,2.5 Hybrid Premium Plus 4x4
Toyota,Rav4,2.5 Hybrid Premium Plus Navi 4x4
Toyota,Verso,1.6 Active
Toyota,Verso,1.6 Advance
Toyota,Verso,1.6 D-4D Active
Toyota,Verso,1.6 D-4D Advance
Toyota,Verso,1.6 D-4D Premium
Toyota,Verso,1.6 D-4D Premium
Toyota,Verso,1.6 D-4D Premium Navi
Toyota,Verso,1.6 Premium
Toyota,Verso,1.6 Premium Navi
Toyota,Verso,1.8 Multidive S Premium
Toyota,Verso,1.8 Multidive S Premium Navi
Toyota,Verso,1.8 Multidrive S Advance
Toyota,Yaris,1.0 Life
Toyota,Yaris,1.33 Fun
Toyota,Yaris,1.33 Fun Multidrive S
Toyota,Yaris,1.33 Fun Skypack Multidrive S
Toyota,Yaris,1.33 Fun Special
Toyota,Yaris,1.33 Fun Special Multidrive S
Toyota,Yaris,1.33 Fun Special Skypack Multidrive S
Toyota,Yaris,1.33 Style
Toyota,Yaris,1.33 Style Multidrive S
Toyota,Yaris,1.33 Style Red
Toyota,Yaris,1.33 Style Red Multidrive S
Toyota,Yaris,1.33 Style Red Skypack Multidrive S
Toyota,Yaris,1.33 Style Skypack Multidrive S
Toyota,Yaris,1.33 Style X-Trend
Toyota,Yaris,1.33 Style X-Trend Multidrive S
Toyota,Yaris,1.33 Style X-Trend Skypack Multidrive S
Toyota,Yaris,1.5 Hybrid Cool
Toyota,Yaris,1.5 Hybrid Spirit
Toyota,Yaris,1.5 Hybrid Spirit(yeni)
Toyota,Yaris,1.5 Hybrid X-Trend
Volkswagen,Beetle,1.2 TSI BMT 105 PS DSG Design
Volkswagen,Beetle,1.2 TSI BMT 105 PS DSG Style
Volkswagen,Beetle,1.2 TSI BMT 105 PS Manuel Design
Volkswagen,Beetle,1.2 TSI BMT 105 PS Manuel Style
Volkswagen,Beetle,1.4 TSI BMT 150 PS DSG Design
Volkswagen,CC,1.4 TSI BMT 150 PS DSG Sportline
Volkswagen,CC,1.4 TSI BMT 150 PS DSG Exclusive
Volkswagen,CC,2.0 TDI BMT 150 PS DSG Sportline
Volkswagen,CC,2.0 TDI BMT 184 PS DSG Sportline
Volkswagen,CC,2.0 TDI BMT 184 PS DSG Exclusive
Volkswagen,Golf,1.2 TSI BMT 110 PS DSG Comfortline
Volkswagen,Golf,1.2 TSI BMT 110 PS DSG Midline Plus
Volkswagen,Golf,1.2 TSI BMT 110 PS Manuel Comfortline
Volkswagen,Golf,1.2 TSI BMT 110 PS Manuel Midline Plus
Volkswagen,Golf,1.4 TSI ACT BMT 150 PS DSG Comfortline
Volkswagen,Golf,1.4 TSI ACT BMT 150 PS DSG Highline
Volkswagen,Golf,1.4 TSI BMT 125 PS DSG Comfortline
Volkswagen,Golf,1.4 TSI BMT 125 PS DSG Highline
Volkswagen,Golf,1.4 TSI BMT 125 PS Manuel Comfortline
Volkswagen,Golf,1.4 TSI BMT 125 PS Manuel Highline
Volkswagen,Golf,1.6 TDI BMT 110 PS DSG Comfortline
Volkswagen,Golf,1.6 TDI BMT 110 PS DSG Highline
Volkswagen,Golf,1.6 TDI BMT 110 PS Manuel Comfortline
Volkswagen,Golf,1.6 TDI BMT 110 PS Manuel Highline
Volkswagen,Golf,1.6 TDI BMT 90 PS Manuel Midline Plus
Volkswagen,Jetta,1.2 TSI BMT 105 PS DSG Comfortline
Volkswagen,Jetta,1.2 TSI BMT 105 PS DSG Trendline
Volkswagen,Jetta,1.2 TSI BMT 105 PS Manuel Comfortline
Volkswagen,Jetta,1.2 TSI BMT 105 PS Manuel Highline
Volkswagen,Jetta,1.2 TSI BMT 105 PS Manuel Trendline
Volkswagen,Jetta,1.4 TSI BMT 125 PS DSG Comfortline
Volkswagen,Jetta,1.4 TSI BMT 125 PS DSG Highline
Volkswagen,Jetta,1.4 TSI BMT 125 PS DSG Trendline
Volkswagen,Jetta,1.4 TSI BMT 125 PS Manuel Comfortline
Volkswagen,Jetta,1.4 TSI BMT 125 PS Manuel Highline
Volkswagen,Jetta,1.4 TSI BMT 125 PS Manuel Trendline
Volkswagen,Jetta,1.4 TSI BMT 150 PS DSG Comfortline
Volkswagen,Jetta,1.4 TSI BMT 150 PS DSG Highline
Volkswagen,Passat,1.4 TSI ACT BMT 150 PS DSG Comfortline
Volkswagen,Passat,1.4 TSI ACT BMT 150 PS DSG Highline
Volkswagen,Passat,1.4 TSI ACT BMT 150 PS Manuel Comfortline
Volkswagen,Passat,1.4 TSI ACT BMT 150 PS Manuel Highline
Volkswagen,Passat,1.4 TSI ACT BMT 150 PS Manuel Trendline
Volkswagen,Passat,1.4 TSI BMT 125 PS DSG Comfortline
Volkswagen,Passat,1.4 TSI BMT 125 PS DSG Highline
Volkswagen,Passat,1.4 TSI BMT 125 PS DSG Trendline
Volkswagen,Passat,1.4 TSI BMT 125 PS Manuel Comfortline
Volkswagen,Passat,1.4 TSI BMT 125 PS Manuel Highline
Volkswagen,Passat,1.4 TSI BMT 125 PS Manuel Trendline
Volkswagen,Passat,1.6 TDI BMT 120 PS DSG Comfortline
Volkswagen,Passat,1.6 TDI BMT 120 PS DSG Highline
Volkswagen,Passat,1.6 TDI BMT 120 PS DSG Trendline
Volkswagen,Passat,1.6 TDI BMT 120 PS Manuel Comfortline
Volkswagen,Passat,1.6 TDI BMT 120 PS Manuel Highline
Volkswagen,Passat,1.6 TDI BMT 120 PS Manuel Trendline
Volkswagen,Passat,2.0 TDI BMT 150 PS DSG Comfortline
Volkswagen,Passat,2.0 TDI BMT 150 PS DSG Highline
Volkswagen,Passat,2.0 TDI SCR BMT 190 PS DSG Highline
Volkswagen,Passat,2.0 TDI SCR BMT 240 PS 4M DSG Highline
Volkswagen,Passat Variant,1.4 TSI ACT BMT 150 PS DSG Comfortline
Volkswagen,Passat Variant,1.4 TSI ACT BMT 150 PS DSG Highline
Volkswagen,Passat Variant,1.4 TSI BMT 125 PS DSG Comfortline
Volkswagen,Passat Variant,1.4 TSI BMT 125 PS DSG Highline
Volkswagen,Passat Variant,1.4 TSI BMT 125 PS Manuel Comfortline
Volkswagen,Passat Variant,1.6 TDI BMT 120 PS DSG Comfortline
Volkswagen,Passat Variant,1.6 TDI BMT 120 PS DSG Highline
Volkswagen,Passat Variant,1.6 TDI BMT 120 PS Manuel Comfortline
Volkswagen,Passat Variant,1.6 TDI BMT 120 PS Manuel Highline
Volkswagen,Passat Variant,2.0 TDI BMT 150 PS DSG Comfortline
Volkswagen,Passat Variant,2.0 TDI BMT 150 PS DSG Highline
Volkswagen,Passat Variant,2.0 TDI SCR BMT 190 PS DSG Highline
Volkswagen,Passat Variant,2.0 TDI SCR BMT 240 PS 4M DSG Highline
Volkswagen,Polo,1.0 75 PS Manuel Trendline
Volkswagen,Polo,1.2 TSI BMT 90 PS DSG Allstar
Volkswagen,Polo,1.2 TSI BMT 90 PS DSG Comfortline
Volkswagen,Polo,1.2 TSI BMT 90 PS Manuel Allstar
Volkswagen,Polo,1.2 TSI BMT 90 PS Manuel Comfortline
Volkswagen,Polo,1.4 TDI 75 PS Manuel Trendline
Volkswagen,Polo,1.4 TDI BMT 90 PS DSG Comfortline
Volkswagen,Polo,1.4 TDI BMT 90 PS Manuel Comfortline
Volkswagen,Scirocco,1.4 TSI BMT 125 PS Manuel Allstar
Volkswagen,Scirocco,1.4 TSI BMT 125 PS Manuel Sportline
Volkswagen,Scirocco,1.4 TSI BMT 150 PS DSG Allstar
Volkswagen,Scirocco,1.4 TSI BMT 150 PS DSG Sportline
Volkswagen,Tiguan,1.4 TSI ACT BMT 150 PS DSG Comfortline
Volkswagen,Tiguan,1.4 TSI ACT BMT 150 PS DSG Highline
Volkswagen,Tiguan,1.4 TSI ACT BMT 150 PS DSG Trendline
Volkswagen,Tiguan,1.4 TSI BMT 125 PS Manuel Comfortline
Volkswagen,Tiguan,1.4 TSI BMT 125 PS Manuel Trendline
Volkswagen,Tiguan,1.6 TDI SCR BMT 115 PS Manuel Comfortline
Volkswagen,Tiguan,1.6 TDI SCR BMT 115 PS Manuel Highline
Volkswagen,Tiguan,1.6 TDI SCR BMT 115 PS Manuel Trendline
Volkswagen,Tiguan,2.0 TDI SCR BMT 150 PS 4MOTION DSG Comfortline
Volkswagen,Tiguan,2.0 TDI SCR BMT 150 PS 4MOTION DSG Highline
Volkswagen,Touareg,3.0 V6 BMT TDI SCR 262 PS Premium
Volkswagen,Touareg,3.0 V6 BMT TDI SCR 262 PS Premium Terrain Tech.
Volvo,S60,1.5L 152HP T3 Advance
Volvo,S60,1.5L 152HP T3 Premium
Volvo,S60,1.5L 152HP T3 R-Design Plus
Volvo,S60,2.0L 190HP D4 Advance
Volvo,S90,2.0L 190HP D4 Inscription
Volvo,S90,2.0L 190HP D4 Momentum
Volvo,S90,2.0L 190HP D4 R-Design
Volvo,S90,2.0L 235HP D5 AWD Inscription
Volvo,S90,2.0L 235HP D5 AWD Momentum
Volvo,S90,2.0L 235HP D5 AWD R-Design
Volvo,S90,2.0L 320HP T6 AWD Inscription
Volvo,S90,2.0L 320HP T6 AWD Momentum
Volvo,S90,2.0L 320HP T6 AWD R-Design
Volvo,V40,1.5L 152HP T3 Advance
Volvo,V40,1.5L 152HP T3 Inscription
Volvo,V40,1.5L 152HP T3 Momentum
Volvo,V40,1.5L 152HP T3 R-Design Plus
Volvo,V60,1.5L 152HP T3 Advance
Volvo,V60,1.5L 152HP T3 Premium
Volvo,V60,2.0L 190HP D4 Advance
Volvo,V60 Cross Country,2.0L 190HP D4 Advance
Volvo,V90,2.0L 190HP D4 Inscription
Volvo,V90,2.0L 190HP D4 Momentum
Volvo,V90 Cross Country,2.0L 235HP D5 AWD Plus
Volvo,V90 Cross Country,2.0L 235HP D5 AWD Pro
Volvo,XC60,2.0L 190HP D4 Advance
Volvo,XC90,2.0L 235HP D5 AWD 7-koltuk Inscription
Volvo,XC90,2.0L 235HP D5 AWD 7-koltuk Momentum
Volvo,XC90,2.0L 235HP D5 AWD 7-koltuk R-Design
Volvo,XC90,2.0L 320+87HP T8 Twin Engine AWD 4-koltuk Excellence
Volvo,XC90,2.0L 320+87HP T8 Twin Engine AWD 7-koltuk Inscription
Volvo,XC90,2.0L 320+87HP T8 Twin Engine AWD 7-koltuk Momentum
Volvo,XC90,2.0L 320+87HP T8 Twin Engine AWD 7-koltuk R-Design